CLTS_NAME	BIPA_GRAPHEME	PHOIBLE_ID	PHOIBLE_GRAPHEME
voiced bilabial nasal consonant	m	5AE9663626770D1D4B97AAE5769AB83C	m
voiceless velar plosive consonant	k	5A838FF4DABE1950734CFAFAB9383903	k
unrounded close front vowel	i	F0585BB57111C322D6E7DABB0D01F9EA	i
unrounded open front vowel	a	72FB536ACFF408163656BBCDAFCAC6F6	a
voiced palatal approximant consonant	j	ADF56B8E4119266843033E723A149AE2	j
rounded close back vowel	u	58EB693AE523323410326D60806B9ADF	u
voiceless bilabial plosive consonant	p	2D6FB64B3CDC3549EF11DB98A66A9EAD	p
voiced labialized-velar approximant consonant	w	501394D0E2658752D9DA624E7DEBE14B	w
voiced alveolar nasal consonant	n	E03DA215BAB0A158BA5D1CB5C4D5D6FD	n
voiceless alveolar fricative consonant	s	7FF174469DAC4E61520F4E1610B2F088	s
voiceless alveolar plosive consonant	t	9F90F95459807624A486F03FE5A89978	t
voiced bilabial plosive consonant	b	694212B746622E482E0E58D50036100E	b
rounded close-mid back vowel	o	5AC0158A367D59E8C16A876321E578AB	o
unrounded close-mid front vowel	e	199408E3D0668F10F475143F0E8CC0CB	e
voiced alveolar lateral-approximant consonant	l	03413638BD1DFC7AEF53192FEF71F017	l
voiceless glottal fricative consonant	h	E7FBD92350B3CA8B7B5D77E36A607068	h
voiced velar plosive consonant	g	ECC959553F23387998DAF88D69D7736C	ɡ
voiced velar nasal consonant	ŋ	941ED37AAF5E9C4E1B40D85008C6B2D9	ŋ
voiced alveolar plosive consonant	d	E6253384902D489FDB1FE487B7ED4AB2	d
voiced palatal nasal consonant	ɲ	1AD6D96C35E6ADA62F1EAF5B167F75F7	ɲ
voiceless labiodental fricative consonant	f	86E80A7DA80F7F58CA76F85BACA48F86	f
voiceless postalveolar affricate consonant	tʃ	1348048F53951A5E29ABA6D5360925BA	t̠ʃ
voiceless glottal plosive consonant	ʔ	0844E3AEAF1C8E3837465942B92FE4C5	ʔ
unrounded open-mid front vowel	ɛ	8A61A9B6039DB852CE150BEC6198AFE5	ɛ
rounded open-mid back vowel	ɔ	55C328C4539D138964636333EABA3949	ɔ
voiceless postalveolar fricative consonant	ʃ	9E7CDEEE9F0DE43C10181AE483F62CBD	ʃ
voiced alveolar trill consonant	r	5D1D7FB69E1A3C0C60001FBC0C19ED87	r
voiced alveolar fricative consonant	z	E77FDA2EAABA78B3E55A968B2257CF26	z
devoiced alveolar tap consonant	ɾ	795215076D89B5B17C0D147BE5C341E3	ɾ
voiced postalveolar affricate consonant	dʒ	C7364BE7F76504D8DE329FFF30C42424	d̠ʒ
long unrounded close front vowel	iː	D7A90868F42885077FD3F44A8440B3BB	iː
voiced labiodental fricative consonant	v	033ACAA664F151FC56BC9595526BCFA4	v
long unrounded open front vowel	aː	2F272C9C5FA2DA70706B565B2DC46DE8	aː
long rounded close back vowel	uː	3A9677F59A8D4980D4DEADD51C55FF1C	uː
short mid-high tone	⁴	0524CD95243C622D69973D187BC3F06F	˦
short mid-low tone	²	1C26A4A7D5F0697C7EA34BA73FC2F46E	˨
voiceless dental plosive consonant	t̪	2DA484FF3408444AF11E01960C9C893A	t̪
voiceless alveolar affricate consonant	ts	106C7FE93D986D037407524D08F3599A	ts
unrounded mid central vowel	ə	D9B28B2D674EBA4B03C38B36D77E563E	ə
long rounded close-mid back vowel	oː	08F6CE9332919F91E699096D433AC8BB	oː
long unrounded close-mid front vowel	eː	6DD56E3A80E90C3B1F5AC7AC45CE8180	eː
nasalized unrounded close front vowel	ĩ	A9F45477DAC8AB8BB14C84275ED3690F	ĩ
nasalized unrounded open front vowel	ã	8E32B519FFFA1D3336C36200F8060969	ã
nasalized rounded close back vowel	ũ	1520751621DE93DB6E03975E1867106A	ũ
unrounded close central vowel	ɨ	3A3393BDCDC64FE0B39793147F9DBA7D	ɨ
voiceless velar fricative consonant	x	F62AFB705D2A2D30BB41CF3FBE917891	x
voiced dental plosive consonant	d̪	198E3EBE25854A256D6C67EF286FA260	d̪
aspirated voiceless velar plosive consonant	kʰ	BD29F40254AA0996800A773122397C28	kʰ
from_unvoiced from_velar from_plosive to_unvoiced to_bilabial to_plosive cluster	kp	3BE9D8AA68FB8CA25C1D8EE2091DC6D0	kp
voiced dental nasal consonant	n̪	2ED41B5E874292EB0C3BBC6F31DC6FCC	n̪
aspirated voiceless bilabial plosive consonant	pʰ	6E065D8A2F199BCBC7CA7074EC4DE834	pʰ
unrounded near-close near-front vowel	ɪ	CF50E15F866A7B9698A8F95C5C9B48B2	ɪ
rounded near-close near-back vowel	ʊ	10FD223095BD60FD89BEC828E5FD0A26	ʊ
labialized voiceless velar plosive consonant	kʷ	AC7F42D0CB30C73616ABDC71149FEC44	kʷ
voiced postalveolar fricative consonant	ʒ	DAC6AC8BCA2D24EFF188A7129D280801	ʒ
nasalized rounded close-mid back vowel	õ	DF648A2DB863191981CA66654BFF6BF4	õ
voiceless palatal plosive consonant	c	852A220443D41F0A63671A2F4DEC9788	c
voiced velar fricative consonant	ɣ	1832D7834F81DD97E33C58D9F70EC5C6	ɣ
voiced bilabial implosive consonant	ɓ	CFA86CE56605194A2F338BA3E3974EA3	ɓ
nasalized unrounded close-mid front vowel	ẽ	1507B68E1E3108371C1F882C40902AA5	ẽ
short mid tone	³	71337C9E4205D44145532EBCA5DA4EEA	˧
voiced palatal plosive consonant	ɟ	320B62404207303F61B0F772296C9545	ɟ
voiced bilabial fricative consonant	β	A2DFF488C07B9A11B5DF5EA37214750D	β
aspirated voiceless alveolar plosive consonant	tʰ	4EEF82037BC182F6353941401E583F45	tʰ
long rounded open-mid back vowel	ɔː	7D4AEC4169D5DB682621A0F86C706FC9	ɔː
long unrounded open-mid front vowel	ɛː	E12BC6D5BBF9272E866810A376DEEF52	ɛː
voiced dental implosive consonant	ɗ	192EEEA914E770D60BEC3F86DAED50AA	ɗ
rounded mid back vowel	o̞	CCF0350A2EFEF792529909972278B165	o̞
unrounded mid front vowel	e̞	258C639F2F822CD1D56805F5397712E4	e̞
voiced dental lateral-approximant consonant	l̪	92E1B0E16834519598F3C03EE7E974D9	l̪
voiced alveolar affricate consonant	dz	17B1CFA69C0C6AB5362FFDB585C0C7DC	dz
nasalized unrounded open-mid front vowel	ɛ̃	0893FE8A6560A9B5DFA0A58647DB558E	ɛ̃
voiceless alveolar fricative consonant	s	BF4C7446654F9DDE2B7CA86A93FC8D29	s̪
nasalized rounded open-mid back vowel	ɔ̃	E8929F8B062DC2469EEDA96A98BD8D3A	ɔ̃
voiceless uvular plosive consonant	q	4AC7382217172B3821AE54CD38BD8698	q
voiceless velar ejective-plosive consonant	kʼ	B9C749831BC59B5585B5AE2159F32788	kʼ
voiceless retroflex plosive consonant	ʈ	64EABC4FDF5DE0BE02E889701FD34147	ʈ
labialized voiced velar plosive consonant	gʷ	B95529318452F7E00AE69C18EBE1E0F2	ɡʷ
voiced retroflex plosive consonant	ɖ	BE81A18FCCFFEDC9ACF3B18F14E766BD	ɖ
aspirated voiceless dental plosive consonant	t̪ʰ	9EEEF6860B6442352B674A227C68B124	t̪ʰ
voiceless alveolar ejective-plosive consonant	tʼ	11D5EDE5CF43EE6FA131900D77195344	tʼ
falling mid-high mid-low tone	⁴²	D90087B832A91083C733048A0EA8614B	˦˨
voiceless bilabial fricative consonant	ɸ	E9F92ED438311DEF47430F2DC3038C22	ɸ
unrounded nearly-open front vowel	æ	B6D180EA250E6FBDE82C3D1F1BB4A39C	æ
voiceless bilabial ejective-plosive consonant	pʼ	646674CE0AF099A6E69FB25363B53313	pʼ
unrounded close back vowel	ɯ	A61CD1A0C549D454DFFCEB62F61318E5	ɯ
nasalized unrounded close central vowel	ɨ̃	EDBF780C3E6B55C0D3F719E059C630B0	ɨ̃
voiceless uvular fricative consonant	χ	24934115EB451EB20C91AC9D2AD62537	χ
unrounded open back vowel	ɑ	F55CF3619FAF770147652F0FDB9F146F	ɑ
voiceless retroflex fricative consonant	ʂ	9B4FF3CA9C2C2CC0884F937ECD88C04D	ʂ
rising mid-low mid-high tone	²⁴	22EED960380C45E1FAF421D98727ABF2	˨˦
voiced retroflex flap consonant	ɽ	ECADEF8DC1141DC0002DA207736CC234	ɽ
voiced retroflex nasal consonant	ɳ	6838968A8DAA29313F3FD0EF4CE0AF3C	ɳ
voiceless palatal affricate consonant	cç	8AD5C612764E127E084477DD1C52B817	cç
voiceless alveolar lateral-fricative consonant	ɬ	1F0C89A7E99CD5113AA994AD2CC86CBC	ɬ
labialized voiced velar nasal consonant	ŋʷ	3ED3C12693EEA6DCD866F8DBD9C6CF1D	ŋʷ
voiceless palatal fricative consonant	ç	A933E2A015DCF1AB1B946DBA04C1958C	ç
voiced palatal affricate consonant	ɟʝ	F326C3A9DEC331359D3C189A02B5F7E5	ɟʝ
unrounded open-mid back vowel	ʌ	18DCAF1C4880F45D5B402E7D776A91D0	ʌ
long unrounded mid central vowel	əː	ED921AC9F6C2ABBAC1602F39891DADCF	əː
voiced retroflex lateral-approximant consonant	ɭ	512D7E3344FCD21B1EE47971D72DB39A	ɭ
voiced dental fricative consonant	ð	C74BECEC6C9DBC95D2C92E893F72A8AD	ð
aspirated voiceless alveolar affricate consonant	tsʰ	C6880E4D32532681166EBA4D7D3AA2E0	tsʰ
nasalized unrounded near-close near-front vowel	ɪ̃	6CA1A9CAC4D088F2CB53987315A2D8BF	ɪ̃
voiceless dental fricative consonant	θ	7D184A6DCDA3EB154F9CB34651E02EEE	θ
rounded close front vowel	y	27E498422242BAF54775C75A8C884CF7	y
nasalized rounded near-close near-back vowel	ʊ̃	6841B71E9462950C2BADD3C7301D7092	ʊ̃
palatalized voiceless velar plosive consonant	kʲ	96CDC886AA21A9599A0AC4EFFCDCA13F	kʲ
voiced alveolar fricative consonant	z	88C287E17AC15E89E601F9D81D0374B5	z̪
voiced glottal fricative consonant	ɦ	010B4A2C6472D9909A0AE8C30FA45593	ɦ
long voiced bilabial nasal consonant	mː	30165CD7CBD456AD23965FFF9324A6E9	mː
long rounded near-close near-back vowel	ʊː	83B243EB1B575E55E12B60AE84F2C166	ʊː
long nasalized rounded close back vowel	ũː	BAC1076952BFA8DB102EB8888621C1B6	ũː
aspirated voiceless retroflex plosive consonant	ʈʰ	4364823B8F03525E91440277AEC22689	ʈʰ
long nasalized unrounded close front vowel	ĩː	70B73BACB06AB6CCEBE6E6710EBB7BE6	ĩː
long voiced alveolar nasal consonant	nː	0A6EAA5C52B5FA8BF685047F7CE47780	nː
long unrounded near-close near-front vowel	ɪː	DABE61684BBEAC7732AD8B3A97CF8701	ɪː
nasalized unrounded mid central vowel	ə̃	1709B3BEA8703B449759CCDB8CB0DE22	ə̃
long unrounded close central vowel	ɨː	EA4BE781596BA71D03B0E14F300A1669	ɨː
labialized voiceless velar fricative consonant	xʷ	CC1E157E56BC1B4B281FF3ACD292F7DF	xʷ
voiced dental trill consonant	r̪	C425D93352850DE1476444DA0C387C7F	r̪
nasalized rounded mid back vowel	õ̞	38C66BF218C24DA30D3C74A7BEC9BD2B	õ̞
short high tone	⁵	D3A6D5034FDDD41CEFDAD55B7780D218	˥
long voiceless velar plosive consonant	kː	35B6E18B055F7621FA32D24600C7EDC6	kː
voiceless uvular ejective-plosive consonant	qʼ	F004A6DF8DC34AB3759000D0EEA099AC	qʼ
voiced uvular fricative consonant	ʁ	B8654231A8D23801B38D10EE554ACBD5	ʁ
long voiced alveolar lateral-approximant consonant	lː	02CD835C8B5754AB3DB22940C8405C85	lː
long nasalized unrounded open front vowel	ãː	330D41249CF0C4909A4938BE6FCC9311	ãː
palatalized voiceless alveolar plosive consonant	tʲ	FC7AAC2F2DD0F75DE6A9EC1F88A4ADB6	tʲ
palatalized voiceless velare plosive consonant	gʲ	4257BA86C575A28CFD1C21C69CDCFB5B	ɡʲ
from_unrounded from_open from_front to_unrounded to_close to_front diphthong	ai	5E12425DA8E8C8FD24F187BE6A56D20F	ai
labialized voiced bilabial nasal consonant	mʷ	2F8EC6B0EA3ECBE22B3D360AF6A330C2	mʷ
voiceless pharyngeal fricative consonant	ħ	C699D862DAE3202097065A59720E60BC	ħ
voiceless retroflex affricate consonant	ʈʂ	0C125CB557D530881A8F1E46A3EB6F0C	ʈʂ
labialized voiced bilabial plosive consonant	bʷ	2060144B3E5025B6C6FAAEBAF9EC4038	bʷ
breathy-voiced bilabial plosive consonant	b̤	584E53EB5DC897FE333F996BB3854365	b̤
short low tone	¹	A923E0D43B03C879903B9B6602035AD0	˩
aspirated voiceless palatal plosive consonant	cʰ	2653DF7B6901A0BABDDFBC146CF52EDE	cʰ
rounded close-mid front vowel	ø	5D97E1AF6BCE612603ABA26C7DDB941F	ø
long voiced bilabial plosive consonant	bː	97DED3C2CA0EB378AC531C0752A6906F	bː
falling high low tone	⁵¹	AECCDE21AB903EB79ABBD4849EA099F4	˥˩
long voiceless alveolar fricative consonant	sː	89F9825488A15324615819E7A614926B	sː
nasalized unrounded mid front vowel	ẽ̞	9D43C0121B4098359DE849B298AD20F0	ẽ̞
voiced palatal fricative consonant	ʝ	A5176F73648084056F9A091440AB3FBB	ʝ
rounded close central vowel	ʉ	2CABD4F4B64695E5329B759A3F63C146	ʉ
long unrounded open back vowel	ɑː	88AC5CE19511786367C819D16739C6E1	ɑː
from_unrounded from_open from_front to_rounded to_close to_back diphthong	au	25061B1A6BE5A4214D5C675C56B92574	au
unrounded close-mid back vowel	ɤ	80E0B47CF9A1F002B35B6AAB49574C61	ɤ
long voiceless bilabial plosive consonant	pː	DAA293A200C8597396725116EC9D5654	pː
long voiceless alveolar plosive consonant	tː	2FF610B79450F21F9661BCDB08BDC4BC	tː
breathy-voiced velar plosive consonant	g̈	6AA3FEA3758FF09B65D27B20D04B0660	ɡʰ
labialized voiceless uvular plosive consonant	qʷ	0CE464BCDDF6D25FC3C1DF3C67CE1C91	qʷ
long voiced velar plosive consonant	gː	A1959D41630316B7022C7F211D6599D9	ɡː
devoiced bilabial nasal consonant	m̥	3916F896B8FCC2F6FD583661E5332F28	m̥
voiced palatal implosive consonant	ʄ	434450844FAF9386CA9AD2E0E919570E	ʄ
aspirated voiceless uvular plosive consonant	qʰ	871B92989C5EC420B7D61B05731D1E83	qʰ
rounded open-mid front vowel	œ	389AD3D35B8C71D1C73ABD769FAF15EB	œ
palatalized voiceless bilabial plosive consonant	pʲ	A6BC925BE30427A4ECE5EB6136535393	pʲ
long nasalized rounded close-mid back vowel	õː	457E4E01C741D892326B84B8A7D1452E	õː
palatalized voiced bilabial nasal consonant	mʲ	57EA8AF98F6DB6ABCCA78C07BA1F964C	mʲ
voiced alveolar lateral-fricative consonant	ɮ	8AB7F55EAB4F34299B9887A4F4BCF42F	ɮ
long unrounded nearly-open front vowel	æː	CB37024CEAE9409F30FC756C0578E93C	æː
voiced labialized-palatal approximant consonant	ɥ	1D99DEE96BB19529DC9E5ED7FA7BF68B	ɥ
palatalized voiced alveolar plosive consonant	dʲ	3A357AE68F00D5DFDA9501F5ED36A6C3	dʲ
voiced pharyngeal fricative consonant	ʕ	55F94F929CDB58CDE9BE8333787E3A31	ʕ
long voiced palatal approximant consonant	jː	F3826EE83410EA00A7C1DF89AC317CAF	jː
labialized voiceless bilabial plosive consonant	pʷ	89135AE8B291E91395AD52BAA7592587	pʷ
labialized voiceless uvular fricative consonant	χʷ	26770129337E78245F6006266F845267	χʷ
unrounded nearly-open central vowel	ɐ	7D5E23AD8E7FC92894F94CEB664FBE7C	ɐ
voiced alveolar approximant consonant	ɹ	BF93B485560325B98EACB69D278AD493	ɹ
breathy-voiced retroflex plosive consonant	ɖ̤	D32D22D7FB8C895910556E91EE6B372A	ɖ̤
rounded open back vowel	ɒ	5745AAC70E7A7B7175204204FFBE639F	ɒ
voiced retroflex fricative consonant	ʐ	9EBF00B0DFB3E7F964B97DB54E9A36FD	ʐ
voiced retroflex approximant consonant	ɻ	A226BAACF325CDDFA1D1D7C55D9EA781	ɻ
long voiced alveolar trill consonant	rː	0FD087805B29DDC87A7BC2D136B0A201	rː
unrounded close-mid central vowel	ɘ	CEB8A516242B5E336874AC64E81D655E	ɘ
rising low high tone	¹⁵	C2C6C506DDACEEC2A68B71A756543103	˩˥
labialized aspirated voiceless velar plosive consonant	kʷʰ	0C09EF7DD3A046DCF26731D2541C461C	kʷʰ
palatalized voiced bilabial plosive consonant	bʲ	EB0AD53D3F3C5F8A82498357FBD00725	bʲ
voiceless labiodental affricate consonant	pf	C78A087FC613D339B76F3A1FD72CCED9	pf
long voiced alveolar plosive consonant	dː	AF55984F7DCE6CC6910C605F97C59E55	dː
nasalized unrounded nearly-open front vowel	æ̃	8E39902B15270149C6FAB7A2A6307EE3	æ̃
long voiced palatal nasal consonant	ɲː	B72EA7A6AB24EDF883082F82EAC69ADE	ɲː
long nasalized unrounded close-mid front vowel	ẽː	516350E7AE95E5CC180DBA424343695D	ẽː
devoiced palatal nasal consonant	ɲ̊	1328DE7368EC9B18055FBBC5445E9307	n̥
labialized voiceless alveolar plosive consonant	tʷ	70D47EBCFC5479169386FAF413D83AE8	tʷ
palatalized voiced alveolar lateral-approximant consonant	lʲ	548D8E709B3C8F7FFB5983EA5E033D11	lʲ
voiced labiodental approximant consonant	ʋ	5B8A0392206611F78C6A5ABCF5A4952F	ʋ
voiced velar approximant consonant	ɰ	62B50AA4D6AD6E1D010DD073BCD23B7E	ɰ
nasalized unrounded close back vowel	ɯ̃	A3B489972426A3F1C9C3E8F70C60891D	ɯ̃
long rounded mid back vowel	o̞ː	BB1834A39C9C6F2910C88A415CAC794E	o̞ː
long voiced labialized-velar approximant consonant	wː	4DB108BB5E5FA3A40FED7AD2E0D076C1	wː
rising mid-low mid tone	²³	0F2A0269330AAB53C42B7A0A79D63619	˨˧
long nasalized unrounded open-mid front vowel	ɛ̃ː	C8E200405D83F3D806F98BC041341BA0	ɛ̃ː
voiceless labiovelar fricative consonant	ʍ	B2DBBC1A3DE3F1B6731AEEF21C338B9B	ʍ
long voiceless labiodental fricative consonant	fː	1AEE2DB972C8FD9AFB48C4C1B451C729	fː
long nasalized rounded open-mid back vowel	ɔ̃ː	A8502B647A72314DC6621C4135B5EE3E	ɔ̃ː
long unrounded close back vowel	ɯː	ABCFAED5F3E3B8EC06B68A672DE107FB	ɯː
voiced uvular plosive consonant	ɢ	ED74AF5019F80FF5E1F4E598F0085639	ɢ
long voiced velar nasal consonant	ŋː	8D8F577E360F581BBCC510A0AD4AD2D4	ŋː
falling mid mid-low tone	³²	DF21894A34BE9B1F8074827DEF536BCD	˧˨
voiced alveolar lateral-flap consonant	ɺ	AF0BA3378B269771157E76E3157F655B	ɺ
unrounded open-mid central vowel	ɜ	E9816BABF98BFDAB39019D860D8C458F	ɜ
nasalized unrounded open back vowel	ɑ̃	55FDF5C7AED74ADA223A64EC6859373F	ɑ̃
long unrounded mid front vowel	e̞ː	7B6489AE98B6E326169F03D41D94EF20	e̞ː
palatalized voiced alveolar nasal consonant	nʲ	9F38F051ADBEAF0BBD331FEE5F68BA0A	nʲ
devoiced velar nasal consonant	ŋ̊	887F49F7E15117E2639E1D17FC0B8EB2	ŋ̥
voiceless alveolo-palatal fricative consonant	ɕ	5B46730211D403D44939C20A4D77EACA	ɕ
voiced bilabial approximant consonant	β̞	51CC41E04001D781FFFB40FBAF6946C2	β̞
devoiced alveolar lateral-approximant consonant	l̥	D47E305230AF5B8AD808EC71E2E40B0A	l̥
from_unrounded from_close from_front to_unrounded to_open to_front diphthong	ia	C615E80D7BD204F79239594B45E22747	ia
from_rounded from_close from_back to_unrounded to_close to_front diphthong	ui	BE3730A853FBA861E9A26303281AD485	ui
voiceless alveolo-palatal affricate consonant	tɕ	F98D1F5885EED9A2408A55B509F263BD	tɕ
voiceless palatal ejective-plosive consonant	cʼ	8624F957F56BDEBB294A22FB14BB353B	cʼ
creaky-voiced unrounded open front vowel	a̰	5EDDCD762502FA9F1E90DEB15E6EB55E	a̰
labialized voiced velar fricative consonant	ɣʷ	2C506EAD6B506B116E11D445B865A044	ɣʷ
palatalized voiceless alveolar fricative consonant	sʲ	AE22B011DAF9516E3388AF4E418B00F4	sʲ
long rounded close-mid front vowel	øː	B89019D1E9EA2633F0AAACF9E66CE673	øː
long rounded close front vowel	yː	218729C2F787B39322EDB9220D365A1F	yː
voiceless postalveolar plosive consonant	t̠	E1E0A66A7019DAB26B423051648216D0	t̠
voiced labiodental affricate consonant	bv	97D36D16793A9A8C6C86298776C37038	bv
labialized voiceless glottal plosive consonant	ʔʷ	E473B50B2D71F773C5CA69249A005329	ʔʷ
creaky-voiced unrounded close front vowel	ḭ	6E48B9E1AFA06DDB435C6ECA6A9EFEF4	ḭ
palatalized voiceless labiodental fricative consonant	fʲ	94AD2B51FB011E032DC3E695DB412F3D	fʲ
from_rounded from_close from_back to_unrounded to_open to_front diphthong	ua	24E11ABCF1AD3B0C6D805A63C3D713A4	ua
palatalized voiceless glottal plosive consonant	ʔʲ	DFE30B989816F70CE8FE6D836F517A3A	ʔʲ
long nasalized unrounded mid central vowel	ə̃ː	883726078EEB02D11417FE176DA55233	ə̃ː
voiced velar implosive consonant	ɠ	A7B91F7C0EC9AC0179CEBB1204C26358	ɠ
from_rounded from_close-mid from_back to_unrounded to_close to_front diphthong	oi	F9AF7F69BAF784734B0A933BC629BCCA	oi
from_unrounded from_close-mid from_front to_unrounded to_close to_front diphthong	ei	3649FB0AF894ECF74399C9B5AE4EFB3A	ei
creaky-voiced rounded close back vowel	ṵ	3782FB8410A935CA3189FEF216420D73	ṵ
creaky-voiced rounded close-mid back vowel	o̰	7A73B4B6C74CEFC35CC94376E1F9A7D8	o̰
creaky-voiced unrounded close-mid front vowel	ḛ	27CAD51ADCA4AA894498798363252570	ḛ
nasalized voiced labialized-velar approximant consonant	w̃	2F8A9928FFFCAAAA91D98EB89CC2436B	w̃
voiced labiodental nasal consonant	ɱ	E61654B85E72EDDB4ADA812B48BA9452	ɱ
breathy-voiced unrounded close-mid front vowel	e̤	9D82C6C20E6D189355D54C7FAF648D1D	e̤
breathy-voiced unrounded close front vowel	i̤	939A7975CF9076575231885607327720	i̤
creaky-voiced alveolar nasal consonant	n̰	CA104009E4C75968ABCCA821A14B49E9	n̰
nasalized unrounded open-mid back vowel	ʌ̃	62F2D358037999DD8307B44E411EB868	ʌ̃
long unrounded open-mid back vowel	ʌː	3CACC2DCC79CD73D76B3A0C36F30DB30	ʌː
falling mid-high mid tone	⁴³	DE362E91BCFDF93B18013D47106E2842	˦˧
from_rounded from_close from_back to_unrounded to_mid to_central diphthong	uə	4AC20DDBE7F50AB0A361E2FE58A1C3B4	uə
falling high mid-high tone	⁵⁴	F8BC6EBDEC064D9A6E846CFD080DA110	˥˦
long voiceless dental plosive consonant	t̪ː	51CBFDAE8C04E0CE821EA819E23EEE42	t̪ː
breathy-voiced alveolar plosive consonant	d̤	F52FDCB8A1E6B74B993DE6E648C10637	d̤
syllabic voiced bilabial nasal consonant	m̩	DB153A5121319488364F7931B81817A5	m̩
from_rounded from_close-mid from_back to_rounded to_close to_back diphthong	ou	BD43B88339559C4112037A751DD12AD5	ou
voiceless alveolar lateral-affricate consonant	tɬ	5685FEAEF0E34B92C6562FDE7687D3DA	tɬ
voiceless alveolar ejective-fricative consonant	sʼ	825B20CB261AC2AAD034C4B8C3BC5DFC	sʼ
rounded close-mid central vowel	ɵ	C74D4CD97FCB1EB3BA8BB86CC7A68647	ɵ
palatalized voiced labiodental fricative consonant	vʲ	E329A7B64222ED9FB9BD784636512300	vʲ
from_rounded from_open-mid from_back to_unrounded to_close to_front diphthong	ɔi	5CB65BAFE5AF67F18E1AA6A8DE42F618	ɔi
voiced alveolo-palatal fricative consonant	ʑ	F927B77FA49C7A849AEB78FB55268B69	ʑ
voiced alveolo-palatal affricate consonant	dʑ	67D49CEF4F04C997CD3C6E6C2D803959	dʑ
aspirated breathy-voiced bilabial plosive consonant	b̤ʰ	1F0B39C9E43EDAD4E4E4BCEC2A2C955D	bʰ
devoiced alveolar trill consonant	r̥	27619799640A03D4697D6FDDDB1F74A5	r̥
syllabic voiced alveolar nasal consonant	n̩	1A98C4788575E4A5B9BC24ABDAAAF566	n̩
from_unrounded from_close from_front to_unrounded to_close-mid to_front diphthong	ie	D9EA6EC983D8DB08D5DD6543894DDEF7	ie
voiced uvular trill consonant	ʀ	941A64F284E12ACB5A54580F5D22337A	ʀ
rounded near-close near-front vowel	ʏ	E5FFAC40D2833CD8D510BB9907413E4F	ʏ
ultra-short unrounded mid central vowel	ə̆	983ADF6F0E3D956C103BE19FB490FF5C	ə̆
long nasalized unrounded open back vowel	ɑ̃ː	84FD9198ADD53CB38EF1B7A66DC0DB74	ɑ̃ː
from_unrounded from_close from_front to_unrounded to_mid to_central diphthong	iə	B17EC46468FB57F4D6758BFC0073C14D	iə
creaky-voiced alveolar plosive consonant	d̰	FC7FEE8DA33B89D5F629B773EBD76944	d̰
rounded mid central vowel	ɵ̞	D04E8F48CAEBBBF4F9557E8A12068B7F	ɵ̞
long rounded open back vowel	ɒː	1DEF797A9A7ACCC195043C777570DE07	ɒː
syllabic voiced velar nasal consonant	ŋ̍	A7660FC91949DF90F5C897DE06CB1D96	ŋ̩
aspirated voiceless alveolar lateral-affricate consonant	tɬʰ	150A538C7E2282D95ADFDBDAD9AAF830	tɬʰ
unrounded mid back vowel	ɤ̞	DB9C67BAD28666FD362FC2951B2B4C94	ɤ̞
nasalized voiced palatal approximant consonant	j̃	8E5C34586795133BB63747F3E0FE57B9	j̃
long rounded open-mid front vowel	œː	0DE9FF71A937AC65944BCB74B0AEC0FC	œː
long unrounded close-mid back vowel	ɤː	5C19A8FEDB2B0124AA7C66E689586A64	ɤː
labialized aspirated voiceless uvular plosive consonant	qʷʰ	371CBFDF45EF7940161892D54B8E1342	qʷʰ
voiceless postalveolar ejective-fricative consonant	ʃʼ	4563A9B9ABA1D0DBF14EDE55D11BE085	ʃʼ
voiced retroflex affricate consonant	ɖʐ	D418E761F17614DCFCAE81181526DD99	ɖʐ
rising low mid-low tone	¹²	C7C4C9A7FC8E91E786EB462D2CA1F5BF	˩˨
rising mid-high high tone	⁴⁵	7EC2D4C8D7E0603C0F0F7A05E94EDF7D	˦˥
falling mid low tone	³¹	DBDD8C133D89E28B198B5E05FEC8077E	˧˩
long rounded close central vowel	ʉː	E512600ACE40F33F7F40F6DB29C3760B	ʉː
long nasalized unrounded close central vowel	ɨ̃ː	C00494BFC11B161316C0A3B76B38E35D	ɨ̃ː
from_unrounded from_close from_front to_rounded to_close to_back diphthong	iu	BADD5278A1875AD712FBE917B2D82E21	iu
long voiceless palatal plosive consonant	cː	9A5523C5024450DD62E411E3B391B6EA	cː
aspirated breathy-voiced alveolar plosive consonant	d̤ʰ	DBED9DB479620441E03A12BD24F52B18	dʰ
from_rounded from_close from_back to_rounded to_close-mid to_back diphthong	uo	740DB365E4CF6779158B9454DBDD1460	uo
long unrounded nearly-open central vowel	ɐː	6D24EE617FD4CBF6D3BA2BAA79EEE941	ɐː
nasalized rounded open back vowel	ɒ̃	E4E4B517DAB38211A476158473D54981	ɒ̃
palatalized voiceless alveolar affricate consonant	tsʲ	BD5DD0B4F35DA44F05B251A09476EADF	tsʲ
from_unrounded from_close from_front to_unrounded to_mid to_front diphthong	ie̞	5CFD17D860BE399275222AD5CA4357F1	ie̞
from_unrounded from_mid from_central to_unrounded to_close to_front diphthong	əi	20FC839FE1D89514B132E8CEFDE8C8E8	əi
voiced alveolar nasal click	ŋǃ	35CC3DCE04D851609CCD72B04506DCA6	ŋǃ
voiceless uvular affricate consonant	qχ	91F5F4C7A31EE9B8A67881CCEBA056A9	qχ
rising mid mid-high tone	³⁴	18FFFAD0555C1BFDBB825170BC4FE2C9	˧˦
nasalized unrounded close-mid back vowel	ɤ̃	6F8D156A16E991C87C2D5C054C55D449	ɤ̃
from_unrounded from_mid from_front to_unrounded to_close to_front diphthong	e̞i	F09ADB7694D07BF26D4D09FFDFA37881	e̞i
from_unrounded from_close from_back to_unrounded to_open to_front diphthong	ɯa	1F9E66640E359AC0F4B24450BA2C7575	ɯa
long voiceless alveolar affricate consonant	tːs	322CF5CB42BB9E3F7DC4393B92A90F7C	tsː
creaky-voiced rounded open-mid back vowel	ɔ̰	A9DDFF8A8A384F6A1DFA1FBB90E35136	ɔ̰
ultra-short unrounded open front vowel	ă	7875446DB8D24AFCE4E59643BBEA0875	ă
voiceless lamino-dental plosive consonant	t̻	F6EFA3C282F195C662A3F3D46D50D595	t̻
long nasalized unrounded nearly-open front vowel	æ̃ː	12284E9A12BC41F54DBF307EDD516C76	æ̃ː
pharyngealized voiceless alveolar plosive consonant	tˤ	8A2147CEAD6091015AA0965F0B6C2AEB	tˤ
pharyngealized voiced alveolar plosive consonant	dˤ	1FCBA2F74274FF6CBC8636C9BAB66A2F	dˤ
long voiced labiodental fricative consonant	vː	65E3E8CBCB25FDD4C20F50FBE2AE687E	vː
voiced postalveolar plosive consonant	d̠	D9A1F3786F5DE62FA2ECECBF2036BCBB	d̠
from_unrounded from_close from_back to_unrounded to_mid to_central diphthong	ɯə	EBA04A3ED5FD3894A609A88AB2327A02	ɯə
from_unrounded from_mid from_central to_rounded to_close to_back diphthong	əu	CAC640ECB741C1BA649D312F2186EB70	əu
from_rounded from_mid from_back to_unrounded to_close to_front diphthong	o̞i	ADADAFA006DAA9DDFD6A28C93E1F82BB	o̞i
from_unrounded from_close from_central to_unrounded to_close to_front diphthong	ɨi	22995742FC7BB8B81B0C0D60E71E838E	ɨi
voiced alveolar stop-segment click	gǃ	29A34241717BD2C7CB9823A2CE1DF8D7	ɡǃ
voiced dental stop-segment click	gǀ	3DD5D68246BCC77EC6F902FB595FFE05	ɡǀ
aspirated voiced bilabial nasal consonant	mʰ	7C6A808CC61BC0BC3BB661BA6E049911	mʰ
from_unrounded from_close-mid from_front to_unrounded to_open to_front diphthong	ea	63CD412322D571F5E7A86EF13A2A5684	ea
aspirated voiceless alveolo-palatal affricate consonant	tɕʰ	9AD97C058B323C5CA6DD23386064BCB9	tɕʰ
mid-long unrounded close front vowel	iˑ	326BFCC5DB3C0A6945AD53E82B871484	iˑ
mid-long unrounded open front vowel	aˑ	59A9622EE2AA9F009FAF65B80537F3F1	aˑ
mid-long rounded close back vowel	uˑ	C53B1247C466DE903B1CEEEC7A7C1C96	uˑ
mid-long rounded close-mid back vowel	oˑ	ED8861E34A0A51AD0B65F767BC8C1DBC	oˑ
long voiced alveolar affricate consonant	dːz	1FECD33E3BFF3123C13B55ACDC99400F	dzː
creaky-voiced unrounded open-mid front vowel	ɛ̰	B2808B00C63D7903787E740990239BDD	ɛ̰
voiceless rounded close back vowel	u̥	F347AF0289EB49B194A5CC27242E1937	u̥
voiceless unrounded close front vowel	i̥	3123B22F0C399850B3B9CB3131425F95	i̥
long unrounded close-mid central vowel	ɘː	E07CB8481F97B28F2D631830F02B51F0	ɘː
voiced lamino-alveolar lateral-approximant consonant	l̻	3A2EBE8650EB43A5A6D7C00ECA634291	l̻
voiceless dental affricate consonant	tθ	7A0ED7FE7FB48CEC13BE1C677E37C1D1	t̪θ
voiceless velar affricate consonant	kx	E1F8DD5414F4043E63E615EB170BA295	kx
nasalized voiceless glottal fricative consonant	h̃	06EB82C91B0AA0D03E61911B66696245	h̃
pre-aspirated voiceless alveolar plosive consonant	ʰt	7037C2C03FEF7F234269EC33D2741B4A	ʰt
pre-aspirated voiceless velar plosive consonant	ʰk	F4025DC937C3599D3F8836714D8F0F54	ʰk
labialized long voiceless velar plosive consonant	kʷː	4C775776537E3DBA122A12CC062CD6EC	kʷː
from_unrounded from_close from_front to_unrounded to_open-mid to_front diphthong	iɛ	1015E79EACD7013D4873572B6AB0510D	iɛ
rounded mid front vowel	ø̞	10C5F2A99261A099822188533525F1B0	ø̞
nasalized unrounded open-mid central vowel	ɜ̃	D0CBE8EF51B15F5D346BDB7A51AF682E	ɜ̃
from_rounded from_mid from_back to_rounded to_close to_back diphthong	o̞u	3887684C7C0F1601F291DE411340BBC5	o̞u
contour mid-high mid-low mid-high tone	⁴²⁴	F8EF1F8161A63798B59A952DA2E89ABC	˦˨˦
contour mid-low mid-high mid-low tone	²⁴²	04252EDC4E2F2DDD1E703D93D1FC8907	˨˦˨
from_rounded from_close-mid from_back to_unrounded to_open to_front diphthong	oa	6CA672252AAAD9B7453EFA40BB356707	oa
from_unrounded from_open from_front to_rounded to_close-mid to_back diphthong	ao	4B7855340AF892F354DCD3EB6DBC99D3	ao
from_unrounded from_close-mid from_front to_rounded to_close to_back diphthong	eu	2ACE347893543DDC9E1B5194E574A95E	eu
voiced lateral nasal click	ŋǁ	709DCF8413120688AD151FECAABC2BEA	ŋǁ
voiced dental nasal click	ŋǀ	2E8863075FAFE62BAE2BC8573FC083A3	ŋǀ
mid-long unrounded close-mid front vowel	eˑ	EF73174DEB1FB7C52AC28939E2274A7A	eˑ
long rounded mid central vowel	ɵ̞ː	64E52F5C42AF45C07E1349BEB181A104	ɵ̞ː
voiced lamino-dental plosive consonant	d̻	7E92332057C9E596A64F461CBA82AF22	d̻
aspirated voiceless lamino-dental plosive consonant	t̻ʰ	3C1A1E9B9FED20D6AAA0A9A0F6EED3E6	t̻ʰ
unrounded near-close central vowel	ɪ̈	285A8D9A3CA9805FE744FA8CD275ADE9	ɪ̈
rhotacized unrounded mid central vowel	ə˞	B45FBB0E1BAFBE920638833D8E40B1C9	ə˞
voiced uvular nasal consonant	ɴ	C39DA742ED3DD44A5EFDBCC9003F49B6	ɴ
voiceless velar ejective-fricative consonant	xʼ	9BB5908C6A4AB20FD978A2C6FC4ED2C4	xʼ
long nasalized unrounded close back vowel	ɯ̃ː	522AB5875421DEAAD8D1B4D16D5DD114	ɯ̃ː
nasalized unrounded mid back vowel	ɤ̞̃	209A05A0D1E3611927350CB9B029FDD6	ɤ̞̃
pre-aspirated voiceless bilabial plosive consonant	ʰp	9FED89EEE43DE85C7702215EBDAC51D7	ʰp
nasalized unrounded nearly-open central vowel	ɐ̃	37D12950AEDFB4F3E051BD7FF8C9E502	ɐ̃
voiced alveolar lateral-affricate consonant	dɮ	1E8296F0F7BF5A8ABE9B5E8E040E709F	dɮ
from_unrounded from_open-mid from_front to_unrounded to_close to_front diphthong	ɛi	FE4F13796B342F40F8184C655C60580D	ɛi
from_unrounded from_open from_front to_rounded to_mid to_back diphthong	ao̞	510D4DC6C550C18C24724535CF6E8918	ao̞
from_unrounded from_open from_front to_unrounded to_open-mid to_front diphthong	aɛ	29B3B9F2A1B0178DC72557A047EC3246	aɛ
from_unrounded from_open from_front to_unrounded to_mid to_front diphthong	ae̞	446EC50F4DE4491624BF56ECAA33A4AA	ae̞
labialized voiced bilabial fricative consonant	βʷ	19E86A88B740D5D3D1162036CF13EF6B	βʷ
from_rounded from_close from_back to_unrounded to_close-mid to_front diphthong	ue	9B0983D4D369B95703A085D2FB4124AA	ue
from_unrounded from_open from_front to_unrounded to_close-mid to_front diphthong	ae	3BF061602328921B3DB56E3BE972EDF7	ae
from_unrounded from_open from_front to_unrounded to_near-close to_near-front diphthong	aɪ	49FD5CEF44ED98F131FF370446B7412E	aɪ
voiced dental approximant consonant	ð̞	BA26C1A8BE6C9BB470B524A8F3013C27	ð̞
voiced lateral stop-segment click	gǁ	42087FB8F05E0D496C88BD1DAF1DFAFB	ɡǁ
voiceless labiodental ejective-fricative consonant	fʼ	0C22248269ACD60E1AD1F2639D5A6626	fʼ
long nasalized rounded mid back vowel	õ̞ː	6F35AD3032887211A8C09EF6DE57E4B1	õ̞ː
long nasalized unrounded mid front vowel	ẽ̞ː	A7A636A2D029DB47667662F977FC21D8	ẽ̞ː
rhotacized unrounded open front vowel	a˞	349B67107B5BED5688B2DAA55665C47F	a˞
syllabic voiced alveolar lateral-approximant consonant	l̩	EC130309B30AEF200ECD05C9CEA6137E	l̩
syllabic voiced alveolar trill consonant	r̩	18443624C4BA78CE617C4B6F57563DD4	r̩
long voiceless alveolar affricate consonant	tːs	7DE63DD8C3C67063F12DE78D0F76F337	tːs
long nasalized unrounded near-close near-front vowel	ɪ̃ː	63722C39F4E7493D80E4F4D8AC7241CB	ɪ̃ː
long nasalized unrounded open-mid back vowel	ʌ̃ː	239042BFB2014DFC337EAF40A01F04FF	ʌ̃ː
pharyngealized voiced alveolar trill consonant	rˤ	D406DD44D50CAD5A291766B10F26E6DF	rˤ
voiced dental affricate consonant	dð	CB1FAA2C8D8E0D84075C0B77F51E59AB	d̪ð
non-syllabic unrounded close-mid front vowel	e̯	8D3D91A55D080A1E9E2C63E19405ECB2	e̯
long rounded mid front vowel	ø̞ː	58ED4FBAE20072499B6252D11B9A80A6	ø̞ː
nasalized rounded open-mid front vowel	œ̃	06AD3EFFCE1EA6B31D8D6D91B820E116	œ̃
voiced uvular approximant consonant	ʁ̞	5E30A73E56E822286C7DAAC32F1D2652	ʁ̞
from_unrounded from_open from_front to_unrounded to_close to_back diphthong	aɯ	E6B424B5DCAE7554EF762BE5F76E64CD	aɯ
from_unrounded from_mid from_front to_rounded to_close to_back diphthong	e̞u	5577A69657C1F17F39249B290C066076	e̞u
from_unrounded from_mid from_front to_rounded to_mid to_back diphthong	e̞o̞	B09A2DC47FEDCE5E6B0E057A4925CCC2	e̞o̞
from_unrounded from_close from_back to_unrounded to_close to_front diphthong	ɯi	1D4E62F2C956515141FA0F197971C847	ɯi
voiced palatal stop-segment click	gǂ	2A8B7010B25954769719D770460B5D76	ɡǂ
from_unrounded from_nearly-open from_front to_unrounded to_close to_front diphthong	æi	D14B59BA5755069F9B28460C348641F9	æi
labialized aspirated voiceless velar plosive consonant	kʷʰ	22C1B780E3D66A22FC325480E79344F5	kʰʷ
from_rounded from_close-mid from_back to_unrounded to_close-mid to_front diphthong	oe	3D457C943F85F43E21E03199DA3B727B	oe
contour mid mid-high mid tone	³⁴³	7164E1858128057AE50865BD30B2C78A	˧˦˧
from_unrounded from_close-mid from_front to_rounded to_close-mid to_back diphthong	eo	0EBF5D0EECF3DD0F83B14B8A31E0C040	eo
creaky-voiced unrounded mid central vowel	ə̰	A39321266D974B024F08114B18B1B053	ə̰
long rounded close-mid central vowel	ɵː	88077D69EC74F838E3E0CB894B5E7E70	ɵː
falling mid-low low tone	²¹	5103335E25642C62B8F81C86FEDA4BE1	˨˩
rising mid high tone	³⁵	11C76F81511DF2396E7CFDE300C3A97E	˧˥
contour mid mid-low high tone	³²⁵	84E690AEB17697CBE9A74040FF946B7F	˧˨˥
contour high mid high tone	⁵³⁵	69000C0ECB3D62321C389CE80D4D7ADD	˥˧˥
ultra-short unrounded close-mid front vowel	ĕ	BF334E795E5CAAAC193F6D3B1CFFAD84	ĕ
voiced velar affricate consonant	gɣ	5592E2639E01C213ECF6190D56052EE4	ɡɣ
long unrounded mid back vowel	ɤ̞ː	1165119C3C837C2F90F43529AF000FCF	ɤ̞ː
long nasalized rounded near-close near-back vowel	ʊ̃ː	99CFD703D5031FECADD04007938606D5	ʊ̃ː
long unrounded near-close central vowel	ɪ̈ː	AAA2F3CEE9645CDB5C0F66C109156D74	ɪ̈ː
rounded near-close central vowel	ʊ̈	1366933D0985174EB90E4FB5332D88F3	ʊ̈
from_rounded from_close from_back to_rounded to_open-mid to_back diphthong	uɔ	8DAF1BD9A592E0FBAFDB95AF33FEFA0E	uɔ
non-syllabic rounded close-mid back vowel	o̯	DC0F6A9A56697A84C36C0DD913DE1529	o̯
rounded open-mid central vowel	ɞ	4A0C490929CA2C526E3D2DCEB5D9E763	ɞ
breathy-voiced unrounded open-mid back vowel	ʌ̤	A573D616C4ED1457699071C9ED426A56	ʌ̤
nasalized unrounded close-mid central vowel	ɘ̃	D86D0E4D596E27EE93E7F9D3EB2B987F	ɘ̃
nasalized rounded close front vowel	ỹ	6412456DD80E58C43C3B650925AB2068	ỹ
from_unrounded from_open from_front to_unrounded to_close to_central diphthong	aɨ	535A826D1EC88966353000B3B05C2094	aɨ
from_rounded from_near-close from_near-back to_unrounded to_close to_front diphthong	ʊi	807DFD5ECAA9C5C70BAAA81E61F8F52F	ʊi
from_unrounded from_close from_central to_unrounded to_open to_front diphthong	ɨa	CACB560618F54E3BD2CA0762C2CFB7B4	ɨa
long unrounded open-mid central vowel	ɜː	F2C1BD21A3AFCCB8E2BE8CD8DFFE52E8	ɜː
from_rounded from_mid from_back to_unrounded to_open to_front diphthong	o̞a	126730F41EF6E33E5D0B89EB1DDBF3F3	o̞a
voiced palatal nasal click	ŋǂ	8ABCB5099830FA5A580082211BD5223D	ŋǂ
from_unrounded from_close from_central to_unrounded to_mid to_central diphthong	ɨə	EC47C132DB13B9D93D5E41D2AA89BFD9	ɨə
palatalized voiced bilabial implosive consonant	ɓʲ	202BA0BCA8A03C57F08603FE184D9CDD	ɓʲ
from_rounded from_close from_back to_unrounded to_open-mid to_back diphthong	uʌ	186D8505A10E2009682C406060D998F2	uʌ
contour mid-low mid-high mid tone	²⁴³	3500483181EE151B8B94226C947FCD01	˨˦˧
contour mid-low high low tone	²⁵¹	15B5F7446E2BE7169E101FD236821837	˨˥˩
labialized aspirated voiceless alveolar plosive consonant	tʷʰ	25F7B72E7900F97D6596A3F4B41A7A73	tʰʷ
nasalized rounded close central vowel	ʉ̃	93669653A14351D91C5DE5662A03FAFE	ʉ̃
from_unrounded from_open from_front to_rounded to_close to_front diphthong	ay	8154FCBD2FE28F50ACBB8F417E14B8BF	ay
from_unrounded from_open-mid from_back to_unrounded to_close to_front diphthong	ʌi	831550375544B6DDF0FDFB332954F16D	ʌi
from_rounded from_near-close from_near-back to_unrounded to_open to_front diphthong	ʊa	7B19DF4EAB2A03B16BE2C19165F2F68E	ʊa
contour mid mid-low mid tone	³²³	C8C21BF112868195E27B3CBF5EEAB4D9	˧˨˧
from_rounded from_open-mid from_back to_rounded to_close to_back diphthong	ɔu	2F5AF75D2EEF66E3D102C24ECE9D7EF6	ɔu
from_unrounded from_open from_front to_rounded to_near-close to_near-back diphthong	aʊ	79962761F2FA50891138646C7FB9345F	aʊ
from_unrounded from_close from_front to_rounded to_close-mid to_back diphthong	io	E53BB4E24B84CEEB772C3F28E5C6207F	io
from_rounded from_near-close from_near-back to_rounded to_close to_back diphthong	ʊu	EBB021EF50FC2C0D15E25F828BAE87A7	ʊu
from_rounded from_near-close from_near-back to_unrounded to_near-close to_near-front diphthong	ʊɪ	99E83F33E1FDB609442E0881967BE2DD	ʊɪ
from_rounded from_open-mid from_back to_unrounded to_near-close to_near-front diphthong	ɔɪ	DEF247198EF5402D9A41DEA3CDA35D2C	ɔɪ
from_unrounded from_open-mid from_front to_unrounded to_mid to_central diphthong	ɛə	B0C1D216DB9B516FE4132BCA592DDAC3	ɛə
from_unrounded from_close from_front to_rounded to_open-mid to_back diphthong	iɔ	9A877A00087C689CC7D36C1F7F420BD5	iɔ
from_unrounded from_open from_back to_unrounded to_close to_front diphthong	ɑi	1F3071708890EDDCE61D04D68D41543A	ɑi
from_unrounded from_close-mid from_front to_unrounded to_near-close to_near-front diphthong	eɪ	40B5899C65367F8AB11A7C5186D6F642	eɪ
falling high mid tone	⁵³	1E7B898AE46BF6A2E9998A78F45773C4	˥˧
voiced bilabial trill consonant	ʙ	CA2F64A68D30C86FA3FF3BEF45493C68	ʙ
pharyngealized rounded close-mid back vowel	oˤ	2A3943BC78B4A44A686ABA504C5675D7	oˤ
voiced bilabial affricate consonant	bβ	259A4E4D17B10B4E5332CE7F4C962D7C	bβ
non-syllabic unrounded near-close near-front vowel	ɪ̯	7F69D8B8CEDF1371A00B4D4A961618C1	ɪ̯
non-syllabic rounded near-close near-back vowel	ʊ̯	8B985EA8BCD0A5A43BBD74198A8DC9AD	ʊ̯
from_rounded from_close-mid from_back to_nasalized to_rounded to_close to_back diphthong	oũ	5B623137907B08DB9EEF4D1DC075D000	oũ
contour mid-low mid low tone	²³¹	2425398C0D125C2FB745E3AA025E8A22	˨˧˩
falling mid-high low tone	⁴¹	C1BD62FB2F63D0DF3BAF8589375F2728	˦˩
long rounded near-close central vowel	ʊ̈ː	554E02375C0749C619F42FF2DF941B5A	ʊ̈ː
syllabic voiced alveolar fricative consonant	z̩	CFF7C99CB1993746B3217B300D7F63C9	z̩
syllabic voiced labiodental fricative consonant	v̩	21582B442B797016853E1FFF755B0AEB	v̩
syllabic voiced alveolar approximant consonant	ɹ̩	8857C8BB0B65E8EF236DF76520884B67	ɹ̩
from_unrounded from_close from_front to_unrounded to_nearly-open to_front diphthong	iæ	FA9C88E2CD5201C7E1777EAD6641E80B	iæ
voiceless labio-dental ejective-affricate consonant	pfʼ	93FF8C16A76C25D10A203E160AD9CF0C	pfʼ
with-nasal-release voiced alveolar plosive consonant	dⁿ	D708CE8E888D79930D5BA282ED3B0BE9	dⁿ
with-nasal-release voiced bilabial plosive consonant	bⁿ	687AD0D66BC3F6C6D0BF9BA4DC502546	bⁿ
from_unrounded from_open-mid from_central to_unrounded to_close to_front diphthong	ɜi	D6583CDB585C6532D187D8E1F2209583	ɜi
from_unrounded from_open-mid from_front to_rounded to_mid to_back diphthong	ɛo̞	6F163D1994D478A250C4FA28202C6162	ɛo̞
from_unrounded from_open-mid from_front to_unrounded to_close to_back diphthong	ɛɯ	D20014274593FBD404FD95914405CCDF	ɛɯ
ultra-short rounded close-mid back vowel	ŏ	0496E7C99DC39C02DAD1416A83ECCA07	ŏ
from_unrounded from_mid from_central to_unrounded to_close to_back diphthong	əɯ	A9854AE39D5CFE88EC2519C89E6E2A37	əɯ
voiceless unrounded open front vowel	ḁ	83843751C883EFE80D3DBD0A856D9BC2	ḁ
voiceless uvular implosive consonant	ʛ̥	051F53069ABAEA0FBFD98E410052886C	ʛ̥
long nasalized unrounded close-mid central vowel	ɘ̃ː	1EE2E9B2358ED0DBC446EA89F70D2758	ɘ̃ː
from_unrounded from_mid from_front to_unrounded to_mid to_central diphthong	e̞ə	F862A243F928F2837C67CA4A3A0BEC32	e̞ə
from_rounded from_mid from_back to_unrounded to_mid to_front diphthong	o̞e̞	C5870A4D6A7051627991BDAEAC2854B2	o̞e̞
from_unrounded from_near-close from_near-front to_unrounded to_mid to_front diphthong	ɪe̞	A22EB218FAF9856919F802CF4BEEA8B4	ɪe̞
from_rounded from_open-mid from_back to_rounded to_close to_front diphthong	ɔy	2DA2B9736D1454C9DB586A40C2166710	ɔy
from_rounded from_close-mid from_front to_rounded to_close to_front diphthong	øy	53B65904C580B6127EAC771F35DE1818	øy
from_unrounded from_nearly-open from_front to_rounded to_close to_central diphthong	æʉ	299A459E7082A55D4F047DCA7625632F	æʉ
from_unrounded from_close-mid from_back to_unrounded to_close to_front diphthong	ɤi	34FA424C8FCA3BE8FECBEFC424AE77E0	ɤi
from_unrounded from_close from_front to_rounded to_mid to_back diphthong	io̞	7683780E12F738733F61EB0EEFEFFC09	io̞
from_unrounded from_mid from_front to_unrounded to_open to_front diphthong	e̞a	3505CE1B1E1EDBECB027E39121A913FF	e̞a
from_rounded from_close from_front to_rounded to_mid to_front diphthong	yø̞	3845A2B2A7F88E1F1935BB13EDD165CC	yø̞
voiceless uvular ejective-fricative consonant	χʼ	2E868B35F86B12E348D36FB2DAF71754	χʼ
nasalized rounded close-mid central vowel	ɵ̃	6C233317BF3AA225AB9FCD360A38977A	ɵ̃
from_unrounded from_close from_back to_unrounded to_open-mid to_back diphthong	ɯʌ	B5AD51C306FFD446E4476B0ECAB82EB3	ɯʌ
from_unrounded from_close from_front to_unrounded to_open-mid to_back diphthong	iʌ	29CB4F85BD3A9BA25C5636464AD8211B	iʌ
voiced velar lateral-approximant consonant	ʟ	902920A127B42AF0CEC214D96BEF27C4	ʟ
contour mid-low mid mid-low tone	²³²	315388B0B7661863844E2F5999B1013D	˨˧˨
aspirated voiceless labiodental fricative consonant	fʰ	3F21FE9E4E9AC7D94AD3A965A848435E	fʰ
from_unrounded from_close-mid from_front to_unrounded to_mid to_central diphthong	eə	352FFEB26B0E7F205B0984237275408D	eə
from_rounded from_close-mid from_back to_unrounded to_mid to_front diphthong	oe̞	3E8706977F0C1AA30EDA45C018CA2E42	oe̞
voiceless epiglottal plosive consonant	ʡ	D17CE01E5AFD7AA148785E96513B07CA	ʡ
from_unrounded from_near-close from_near-front to_unrounded to_open to_front diphthong	ɪa	42DCFF84A6EFD62DB9A468FEC529E4DF	ɪa
from_unrounded from_near-close from_near-front to_unrounded to_open-mid to_back diphthong	ɪʌ	45B6487539499C755E1189EC1B93F5A3	ɪʌ
from_unrounded from_nearly-open from_front to_unrounded to_close-mid to_front diphthong	æe	FB0C9A61996D187DAACD9A1CA1D3C1DE	æe
from_rounded from_near-close from_near-back to_unrounded to_close-mid to_front diphthong	ʊe	9BF3A5071ED322D5FDD5E024EE825977	ʊe
from_rounded from_close from_front to_unrounded to_close-mid to_front diphthong	ye	86E03F5C51EF4DBB22E9C86AC396CB92	ye
from_rounded from_open-mid from_back to_unrounded to_open-mid to_front diphthong	ɔɛ	F7861B800AB2BD12AF60D014C7409EF5	ɔɛ
from_unrounded from_open-mid from_front to_unrounded to_near-close to_near-front diphthong	ɛɪ	D88952FBA8FEA77D3222AE65828CB6C8	ɛɪ
from_rounded from_open-mid from_front to_rounded to_close to_front diphthong	œy	9300F7C9F65BC87BF5A751D649FF5951	œy
from_rounded from_close-mid from_back to_non-syllabic to_unrounded to_close to_front diphthong	oi̯	AD2064114BB440F328A7960BCDA1A62B	oi̯
from_unrounded from_open from_front to_non-syllabic to_rounded to_close to_back diphthong	au̯	3018AA96B2382DDD9C8D41B172FA1E87	au̯
from_unrounded from_open from_front to_non-syllabic to_unrounded to_close to_front diphthong	ai̯	2E1C3558F634FA79C03DE0AD2BB4EBBE	ai̯
from_unrounded from_close-mid from_front to_non-syllabic to_unrounded to_close to_front diphthong	ei̯	9CA277D2FDDA3CFEFCC8B5D3FFED9E01	ei̯
from_rounded from_close-mid from_back to_non-syllabic to_rounded to_close to_back diphthong	ou̯	7231E09348135979B8516500881D1800	ou̯
from_rounded from_close from_back to_non-syllabic to_unrounded to_close to_front diphthong	ui̯	A551CDF91BFBFBAAC7F68723F343366B	ui̯
from_unrounded from_close-mid from_front to_non-syllabic to_rounded to_close to_back diphthong	eu̯	C214C9F3FD2430EC5AB9412B35AC4357	eu̯
from_unrounded from_nearly-open from_central to_rounded to_close to_back diphthong	ɐu	178B86267E4A6AA3CA303E3A738B0BF0	ɐu
from_unrounded from_nearly-open from_central to_unrounded to_close to_front diphthong	ɐi	9CA74C7B9173B15EABC46A81847BF8CA	ɐi
from_unrounded from_open-mid from_front to_rounded to_near-close to_near-back diphthong	ɛʊ	3760E5402DF531094084E8B5A82C2EF3	ɛʊ
from_rounded from_open-mid from_back to_unrounded to_mid to_central diphthong	ɔə	01E9659BBB625CCD5321C09C410ED816	ɔə
from_unrounded from_open-mid from_back to_unrounded to_mid to_central diphthong	ʌə	C04AB7236095E29F87AA157591A61ABF	ʌə
from_rounded from_close from_back to_unrounded to_close to_central diphthong	uɨ	0A021AF774926D33092A06E1E76880AA	uɨ
from_unrounded from_close from_front to_unrounded to_close to_central diphthong	iɨ	AABF6ED4CA7E59DB5E9BB88BB7B1D177	iɨ
from_unrounded from_nearly-open from_front to_rounded to_close to_back diphthong	æu	9B6B5E1B218F64E5CA3B8405FFE3209A	æu
from_unrounded from_near-close from_near-front to_unrounded to_close to_front diphthong	ɪi	512774BA9EBBDB631D2F22B8266E7CB5	ɪi
velarized voiced bilabial nasal consonant	mˠ	17D3D8B5A69D84B5A0CE42107F458826	mˠ
velarized voiceless alveolar fricative consonant	sˠ	DF1C4BB6D5D67AF07427900EB81EF244	sˠ
contour mid-high high mid-high tone	⁴⁵⁴	FC7911F58CB856E42EF89AF8E1F989F8	˦˥˦
from_rounded from_close from_central to_unrounded to_close to_front diphthong	ʉi	9E571FF69AFA117AAB767B47A8F50E07	ʉi
from_unrounded from_open from_back to_rounded to_near-close to_near-back diphthong	ɑʊ	67CC965160FC5F6A8F279901A0BA6E12	ɑʊ
from_unrounded from_nearly-open from_front to_unrounded to_near-close to_near-front diphthong	æɪ	CDB30C9D92E73A25B71549BBC05CC277	æɪ
from_unrounded from_open-mid from_front to_rounded to_close to_back diphthong	ɛu	9E46B3002F7BED143C34668398E2BBD7	ɛu
voiceless palatal-velar fricative consonant	ɧ	CD6BA52E37A7F6363AB9794D12697C00	ɧ
palatalized aspirated voiceless alveolar plosive consonant	tʰʲ	70840A450A5A5E3CD0E378E2C98E7A92	tʰʲ
from_rounded from_near-close from_near-back to_rounded to_open-mid to_back diphthong	ʊɔ	8A08A9F5E95B54A3DEF1440BC5192FE7	ʊɔ
from_unrounded from_near-close from_near-front to_unrounded to_open-mid to_front diphthong	ɪɛ	D1F6114A28D77623483E1FA14209969F	ɪɛ
from_unrounded from_open from_back to_rounded to_close to_back diphthong	ɑu	950E9BDE9091AFA8E6D1A4D90B95F975	ɑu
from_unrounded from_open from_back to_unrounded to_close-mid to_front diphthong	ɑe	3176D40619659D8F83AAAB0ABA3D8AA8	ɑe
from_unrounded from_open from_back to_rounded to_close-mid to_back diphthong	ɑo	2F1C968CFD8DBA679C41A7A391A90F35	ɑo
devoiced alveolar fricative consonant	z̥	2C16621BC8C29BFBD9E45AB2EA3B998D	z̥
devoiced velar fricative consonant	ɣ̊	DB1471B8C7C250E315F8FAC094C8780F	ɣ̥
from_rounded from_close-mid from_back to_rounded to_near-close to_near-back diphthong	oʊ	2ACCC0DA955EFD6F264630A475368BCA	oʊ
from_unrounded from_open from_front to_rounded to_open-mid to_back diphthong	aɔ	381E07DFE1AC552DA763CFD5A48D46F3	aɔ
from_unrounded from_close-mid from_front to_rounded to_open-mid to_back diphthong	eɔ	77E54E505C64B74E36A1B4AC691C3CF9	eɔ
from_unrounded from_close from_front to_rounded to_near-close to_near-back diphthong	iʊ	7BE3F6435741130B653CD4CAEF7F51D5	iʊ
from_rounded from_close from_back to_unrounded to_open-mid to_front diphthong	uɛ	973D8B897B5DFA5DD2F8ECC0AFBC24DC	uɛ
from_rounded from_close-mid from_back to_unrounded to_open-mid to_front diphthong	oɛ	E1EA79B367C6D18C29B9D93F3EE5D8EF	oɛ
from_rounded from_close-mid from_back to_unrounded to_near-close to_near-front diphthong	oɪ	1E2DA7BAFB27DA8F25EB7E835E5D1F00	oɪ
from_unrounded from_close-mid from_front to_rounded to_near-close to_near-back diphthong	eʊ	70974E635C1C51D21B74C17BA08357D9	eʊ
from_rounded from_close from_back to_unrounded to_near-close to_near-front diphthong	uɪ	92990028280D6229C0F064501A32BEAB	uɪ
rising mid-low high tone	²⁵	3B43953F88F0BFB5EB0E4405A87868F0	˨˥
labialized aspirated voiceless alveolar plosive consonant	tʷʰ	A7849BFDBD1087F705BB2A2DEE0094E6	tʷʰ
creaky-voiced long unrounded close front vowel	ḭː	39D8EC7C87ED550F1C4A5C68162593B6	ḭː
creaky-voiced ultra-long unrounded open front vowel	a̰ː	3DAB40B640C2028F7F85B54A8ACCA9F2	a̰ː
long nasalized unrounded close-mid back vowel	ɤ̃ː	D63E2B7DC85B9CA193B32D7719103076	ɤ̃ː
voiceless unrounded close-mid front vowel	e̥	06088A99AD4B6E006A6CFE7499104796	e̥
pharyngealized voiced alveolar nasal consonant	nˤ	70240134578C1FA4E27BDEF67F0A0119	nˤ
voiced palatal stop-cluster uvular-aspirated-plosive click	gǂqʰ	867C7953EC1F41DEE71F0BC2A3047F49	ɡǂqʰ
voiced labial nasal click	ŋʘ	D9495231BE4C8F383909D8BD4A247DA0	ŋʘ
voiced labial stop-cluster uvular-aspirated-plosive click	gʘqʰ	D7CBF17D3DF21B4045955654AE489C9E	ɡʘqʰ
voiced dental stop-cluster uvular-aspirated-plosive click	gǀqʰ	6CDDB6314DE500CBF16EF16AF2DE430E	ɡǀqʰ
voiced alveolar stop-cluster uvular-aspirated-plosive click	gǃqʰ	354A25006F3286D702C98219F2019384	ɡǃqʰ
voiced lateral stop-cluster uvular-aspirated-plosive click	gǁqʰ	381265FF05F38B21C1179AB7AB933C45	ɡǁqʰ
voiced labial stop-segment click	gʘ	9F406E212B7031317689515200E17141	ɡʘ
voiceless bilabial affricate consonant	pɸ	38BAEE2253F376B5956EC9FE52C26507	pɸ
contour high mid-low mid tone	⁵²³	7FDF85C24BF708252CDB6A29CF162D66	˥˨˧
contour mid high mid-low tone	³⁵²	857D75B84F09F4A23140F037B5BCAAA4	˧˥˨
long nasalized rounded open back vowel	ɒ̃ː	8F03F77816212E0B6D9F30B0063063E6	ɒ̃ː
from_rounded from_close-mid from_front to_unrounded to_close-mid to_central diphthong	øɘ	AF081968E5101DAA8CD01AD41359CF7B	øɘ
from_unrounded from_close-mid from_front to_unrounded to_close-mid to_central diphthong	eɘ	7562F24D24F2C2D47D77F0199E050688	eɘ
from_rounded from_open-mid from_front to_rounded to_close to_back diphthong	œu	65A75F08917C13125A74DBB0EE195435	œu
from_rounded from_open-mid from_front to_unrounded to_close to_front diphthong	œi	115AF4708E9049B2C8F7112F6E278A76	œi
from_rounded from_close-mid from_back to_unrounded to_close-mid to_central diphthong	oɘ	30914D348C87BCC08C8B3F830278DAED	oɘ
from_unrounded from_close-mid from_central to_unrounded to_close to_front diphthong	ɘi	737F1F4C8200BA269939EC5A16C0F55A	ɘi
unreleased voiceless uvular plosive consonant	q̚	3D335CFAE2C4E23BADEC918B2AF7D928	q̚
long voiced dental fricative consonant	ðː	1CFAB94FB31CCC5E51001AD1C96B2268	ðː
