CLTS_NAME	BIPA_GRAPHEME	GRAPHEME	URL
devoiced voiced bilabial nasal consonant	m̥	m̥	https://chridd.nfshost.com/diachronica/search?q=m%cc%a5
voiced bilabial nasal consonant	m	m	https://chridd.nfshost.com/diachronica/search?q=m
glottalized voiced bilabial nasal consonant	mˀ	mˀ	https://chridd.nfshost.com/diachronica/search?q=m%cb%80
long voiced bilabial nasal consonant	mː	mː	https://chridd.nfshost.com/diachronica/search?q=m%cb%90
pharyngealized voiced bilabial nasal consonant	mˤ	mˤ	https://chridd.nfshost.com/diachronica/search?q=m%cb%a4
syllabic voiced bilabial nasal consonant	m̩	m̩	https://chridd.nfshost.com/diachronica/search?q=m%cc%a9
palatalized voiced bilabial nasal consonant	mʲ	mʲ	https://chridd.nfshost.com/diachronica/search?q=m%ca%b2
labialized voiced bilabial nasal consonant	mʷ	mʷ	https://chridd.nfshost.com/diachronica/search?q=m%ca%b7
voiced labio-dental nasal consonant	ɱ	ɱ	https://chridd.nfshost.com/diachronica/search?q=%c9%b1
voiced dental nasal consonant	n̪	n̪	https://chridd.nfshost.com/diachronica/search?q=n%cc%aa
devoiced voiced alveolar nasal consonant	n̥	n̥	https://chridd.nfshost.com/diachronica/search?q=n%cc%a5
voiced alveolar nasal consonant	n	n	https://chridd.nfshost.com/diachronica/search?q=n
glottalized voiced alveolar nasal consonant	nˀ	nˀ	https://chridd.nfshost.com/diachronica/search?q=n%cb%80
long voiced alveolar nasal consonant	nː	nː	https://chridd.nfshost.com/diachronica/search?q=n%cb%90
syllabic voiced alveolar nasal consonant	n̩	n̩	https://chridd.nfshost.com/diachronica/search?q=n%cc%a9
syllabic long voiced alveolar nasal consonant	n̩ː	n̩ː	https://chridd.nfshost.com/diachronica/search?q=n%cc%a9%cb%90
palatalized voiced alveolar nasal consonant	nʲ	nʲ	https://chridd.nfshost.com/diachronica/search?q=n%ca%b2
voiced retroflex nasal consonant	ɳ	ɳ	https://chridd.nfshost.com/diachronica/search?q=%c9%b3
long voiced retroflex nasal consonant	ɳː	ɳː	https://chridd.nfshost.com/diachronica/search?q=%c9%b3%cb%90
devoiced voiced palatal nasal consonant	ɲ̊	ɲ̊	https://chridd.nfshost.com/diachronica/search?q=%c9%b2%cc%8a
voiced palatal nasal consonant	ɲ	ɲ	https://chridd.nfshost.com/diachronica/search?q=%c9%b2
long voiced palatal nasal consonant	ɲː	ɲː	https://chridd.nfshost.com/diachronica/search?q=%c9%b2%cb%90
devoiced voiced velar nasal consonant	ŋ̊	ŋ̊	https://chridd.nfshost.com/diachronica/search?q=%c5%8b%cc%8a
voiced velar nasal consonant	ŋ	ŋ	https://chridd.nfshost.com/diachronica/search?q=%c5%8b
long voiced velar nasal consonant	ŋː	ŋː	https://chridd.nfshost.com/diachronica/search?q=%c5%8b%cb%90
syllabic voiced velar nasal consonant	ŋ̍	ŋ̩	https://chridd.nfshost.com/diachronica/search?q=%c5%8b%cc%a9
labialized voiced velar nasal consonant	ŋʷ	ŋʷ	https://chridd.nfshost.com/diachronica/search?q=%c5%8b%ca%b7
voiced uvular nasal consonant	ɴ	ɴ	https://chridd.nfshost.com/diachronica/search?q=%c9%b4
voiceless bilabial stop consonant	p	p	https://chridd.nfshost.com/diachronica/search?q=p
aspirated voiceless bilabial stop consonant	pʰ	pʰ	https://chridd.nfshost.com/diachronica/search?q=p%ca%b0
long voiceless bilabial stop consonant	pː	pː	https://chridd.nfshost.com/diachronica/search?q=p%cb%90
pharyngealized voiceless bilabial stop consonant	pˤ	pˤ	https://chridd.nfshost.com/diachronica/search?q=p%cb%a4
pharyngealized long voiceless bilabial stop consonant	pˤː	pˤː	https://chridd.nfshost.com/diachronica/search?q=p%cb%a4%cb%90
palatalized voiceless bilabial stop consonant	pʲ	pʲ	https://chridd.nfshost.com/diachronica/search?q=p%ca%b2
palatalized long voiceless bilabial stop consonant	pʲː	pʲː	https://chridd.nfshost.com/diachronica/search?q=p%ca%b2%cb%90
labialized voiceless bilabial stop consonant	pʷ	pʷ	https://chridd.nfshost.com/diachronica/search?q=p%ca%b7
palatalized labialized voiceless bilabial stop consonant	pʲʷ	pʷʲ	https://chridd.nfshost.com/diachronica/search?q=p%ca%b7%ca%b2
voiceless dental stop consonant	t̪	t̪	https://chridd.nfshost.com/diachronica/search?q=t%cc%aa
aspirated voiceless dental stop consonant	t̪ʰ	t̪ʰ	https://chridd.nfshost.com/diachronica/search?q=t%cc%aa%ca%b0
long voiceless dental stop consonant	t̪ː	t̪ː	https://chridd.nfshost.com/diachronica/search?q=t%cc%aa%cb%90
voiceless alveolar stop consonant	t	t	https://chridd.nfshost.com/diachronica/search?q=t
aspirated voiceless alveolar stop consonant	tʰ	tʰ	https://chridd.nfshost.com/diachronica/search?q=t%ca%b0
long voiceless alveolar stop consonant	tː	tː	https://chridd.nfshost.com/diachronica/search?q=t%cb%90
pharyngealized voiceless alveolar stop consonant	tˤ	tˤ	https://chridd.nfshost.com/diachronica/search?q=t%cb%a4
voiceless alveolar sibilant affricate consonant	ts	t͜s	https://chridd.nfshost.com/diachronica/search?q=t%cd%9cs
palatalized voiceless alveolar stop consonant	tʲ	tʲ	https://chridd.nfshost.com/diachronica/search?q=t%ca%b2
labialized voiceless alveolar stop consonant	tʷ	tʷ	https://chridd.nfshost.com/diachronica/search?q=t%ca%b7
labialized long voiceless alveolar stop consonant	tʷː	tʷː	https://chridd.nfshost.com/diachronica/search?q=t%ca%b7%cb%90
palatalized labialized voiceless alveolar stop consonant	tʲʷ	tʷʲ	https://chridd.nfshost.com/diachronica/search?q=t%ca%b7%ca%b2
voiceless retroflex stop consonant	ʈ	ʈ	https://chridd.nfshost.com/diachronica/search?q=%ca%88
aspirated voiceless retroflex stop consonant	ʈʰ	ʈʰ	https://chridd.nfshost.com/diachronica/search?q=%ca%88%ca%b0
long voiceless retroflex stop consonant	ʈː	ʈː	https://chridd.nfshost.com/diachronica/search?q=%ca%88%cb%90
voiceless palatal stop consonant	c	c	https://chridd.nfshost.com/diachronica/search?q=c
aspirated voiceless palatal stop consonant	cʰ	cʰ	https://chridd.nfshost.com/diachronica/search?q=c%ca%b0
aspirated long voiceless palatal stop consonant	cʰː	cʰː	https://chridd.nfshost.com/diachronica/search?q=c%ca%b0%cb%90
long voiceless palatal stop consonant	cː	cː	https://chridd.nfshost.com/diachronica/search?q=c%cb%90
unreleased voiceless palatal stop consonant	c̚	c̚	https://chridd.nfshost.com/diachronica/search?q=c%cc%9a
labialized voiceless palatal stop consonant	cʷ	cʷ	https://chridd.nfshost.com/diachronica/search?q=c%ca%b7
labialized long voiceless palatal stop consonant	cʷː	cʷː	https://chridd.nfshost.com/diachronica/search?q=c%ca%b7%cb%90
voiceless velar stop consonant	k	k	https://chridd.nfshost.com/diachronica/search?q=k
aspirated voiceless velar stop consonant	kʰ	kʰ	https://chridd.nfshost.com/diachronica/search?q=k%ca%b0
long voiceless velar stop consonant	kː	kː	https://chridd.nfshost.com/diachronica/search?q=k%cb%90
pharyngealized voiceless velar stop consonant	kˤ	kˤ	https://chridd.nfshost.com/diachronica/search?q=k%cb%a4
from voiceless velar stop to voiceless bilabial stop cluster	kp	k͜p	https://chridd.nfshost.com/diachronica/search?q=k%cd%9cp
palatalized voiceless velar stop consonant	kʲ	kʲ	https://chridd.nfshost.com/diachronica/search?q=k%ca%b2
palatalized long voiceless velar stop consonant	kʲː	kʲː	https://chridd.nfshost.com/diachronica/search?q=k%ca%b2%cb%90
labialized aspirated voiceless velar stop consonant	kʷʰ	kʰʷ	https://chridd.nfshost.com/diachronica/search?q=k%ca%b0%ca%b7
labialized voiceless velar stop consonant	kʷ	kʷ	https://chridd.nfshost.com/diachronica/search?q=k%ca%b7
labialized aspirated voiceless velar stop consonant	kʷʰ	kʷʰ	https://chridd.nfshost.com/diachronica/search?q=k%ca%b7%ca%b0
labialized long voiceless velar stop consonant	kʷː	kʷː	https://chridd.nfshost.com/diachronica/search?q=k%ca%b7%cb%90
palatalized labialized long voiceless velar stop consonant	kʲʷː	kʲʷː	https://chridd.nfshost.com/diachronica/search?q=k%ca%b2%ca%b7%cb%90
voiceless uvular stop consonant	q	q	https://chridd.nfshost.com/diachronica/search?q=q
aspirated voiceless uvular stop consonant	qʰ	qʰ	https://chridd.nfshost.com/diachronica/search?q=q%ca%b0
long voiceless uvular stop consonant	qː	qː	https://chridd.nfshost.com/diachronica/search?q=q%cb%90
pharyngealized voiceless uvular stop consonant	qˤ	qˤ	https://chridd.nfshost.com/diachronica/search?q=q%cb%a4
pharyngealized long voiceless uvular stop consonant	qˤː	qˤː	https://chridd.nfshost.com/diachronica/search?q=q%cb%a4%cb%90
voiceless uvular stop consonant	q	q͜	https://chridd.nfshost.com/diachronica/search?q=q%cd%9c
voiceless uvular stop consonant	q	q͡	https://chridd.nfshost.com/diachronica/search?q=q%cd%a1
voiceless uvular affricate consonant	qχ	q͡χ	https://chridd.nfshost.com/diachronica/search?q=q%cd%a1%cf%87
palatalized voiceless uvular stop consonant	qʲ	qʲ	https://chridd.nfshost.com/diachronica/search?q=q%ca%b2
palatalized long voiceless uvular stop consonant	qʲː	qʲː	https://chridd.nfshost.com/diachronica/search?q=q%ca%b2%cb%90
palatalized pharyngealized voiceless uvular stop consonant	qʲˤ	qˤʲ	https://chridd.nfshost.com/diachronica/search?q=q%cb%a4%ca%b2
palatalized pharyngealized long voiceless uvular stop consonant	qʲˤː	qˤʲː	https://chridd.nfshost.com/diachronica/search?q=q%cb%a4%ca%b2%cb%90
labialized voiceless uvular stop consonant	qʷ	qʷ	https://chridd.nfshost.com/diachronica/search?q=q%ca%b7
labialized long voiceless uvular stop consonant	qʷː	qʷː	https://chridd.nfshost.com/diachronica/search?q=q%ca%b7%cb%90
labialized pharyngealized voiceless uvular stop consonant	qʷˤ	qˤʷ	https://chridd.nfshost.com/diachronica/search?q=q%cb%a4%ca%b7
labialized pharyngealized long voiceless uvular stop consonant	qʷˤː	qˤʷː	https://chridd.nfshost.com/diachronica/search?q=q%cb%a4%ca%b7%cb%90
palatalized labialized voiceless uvular stop consonant	qʲʷ	qʲʷ	https://chridd.nfshost.com/diachronica/search?q=q%ca%b2%ca%b7
palatalized labialized long voiceless uvular stop consonant	qʲʷː	qʲʷː	https://chridd.nfshost.com/diachronica/search?q=q%ca%b2%ca%b7%cb%90
palatalized labialized voiceless uvular stop consonant	qʲʷ	qʷʲ	https://chridd.nfshost.com/diachronica/search?q=q%ca%b7%ca%b2
palatalized labialized pharyngealized voiceless uvular stop consonant	qʲʷˤ	qˤʲʷ	https://chridd.nfshost.com/diachronica/search?q=q%cb%a4%ca%b2%ca%b7
palatalized labialized pharyngealized long voiceless uvular stop consonant	qʲʷˤː	qˤʲʷː	https://chridd.nfshost.com/diachronica/search?q=q%cb%a4%ca%b2%ca%b7%cb%90
palatalized labialized pharyngealized voiceless uvular stop consonant	qʲʷˤ	qˤʷʲ	https://chridd.nfshost.com/diachronica/search?q=q%cb%a4%ca%b7%ca%b2
voiceless glottal stop consonant	ʔ	ʔ	https://chridd.nfshost.com/diachronica/search?q=%ca%94
long voiceless glottal stop consonant	ʔː	ʔː	https://chridd.nfshost.com/diachronica/search?q=%ca%94%cb%90
pharyngealized voiceless glottal stop consonant	ʔˤ	ʔˤ	https://chridd.nfshost.com/diachronica/search?q=%ca%94%cb%a4
labialized voiceless glottal stop consonant	ʔʷ	ʔʷ	https://chridd.nfshost.com/diachronica/search?q=%ca%94%ca%b7
voiceless bilabial ejective stop consonant	pʼ	pʼ	https://chridd.nfshost.com/diachronica/search?q=p%ca%bc
pharyngealized voiceless bilabial ejective stop consonant	p’ˤ	pˤʼ	https://chridd.nfshost.com/diachronica/search?q=p%cb%a4%ca%bc
voiced bilabial ejective stop consonant	b’	bʼ	https://chridd.nfshost.com/diachronica/search?q=b%ca%bc
palatalized voiceless bilabial ejective stop consonant	p’ʲ	pʲʼ	https://chridd.nfshost.com/diachronica/search?q=p%ca%b2%ca%bc
labialized voiceless bilabial ejective stop consonant	p’ʷ	pʷʼ	https://chridd.nfshost.com/diachronica/search?q=p%ca%b7%ca%bc
palatalized labialized voiceless bilabial ejective stop consonant	p’ʲʷ	pʷʲʼ	https://chridd.nfshost.com/diachronica/search?q=p%ca%b7%ca%b2%ca%bc
voiceless alveolar ejective stop consonant	tʼ	tʼ	https://chridd.nfshost.com/diachronica/search?q=t%ca%bc
voiced alveolar ejective stop consonant	d’	dʼ	https://chridd.nfshost.com/diachronica/search?q=d%ca%bc
palatalized voiceless alveolar ejective stop consonant	t’ʲ	tʲʼ	https://chridd.nfshost.com/diachronica/search?q=t%ca%b2%ca%bc
labialized voiceless alveolar ejective stop consonant	t’ʷ	tʷʼ	https://chridd.nfshost.com/diachronica/search?q=t%ca%b7%ca%bc
palatalized labialized voiceless alveolar ejective stop consonant	t’ʲʷ	tʷʲʼ	https://chridd.nfshost.com/diachronica/search?q=t%ca%b7%ca%b2%ca%bc
voiceless retroflex ejective stop consonant	ʈ’	ʈʼ	https://chridd.nfshost.com/diachronica/search?q=%ca%88%ca%bc
voiceless velar ejective stop consonant	kʼ	kʼ	https://chridd.nfshost.com/diachronica/search?q=k%ca%bc
long voiceless velar ejective stop consonant	k’ː	kːʼ	https://chridd.nfshost.com/diachronica/search?q=k%cb%90%ca%bc
voiced velar ejective stop consonant	g’	ɡʼ	https://chridd.nfshost.com/diachronica/search?q=%c9%a1%ca%bc
palatalized voiceless velar ejective stop consonant	k’ʲ	kʲʼ	https://chridd.nfshost.com/diachronica/search?q=k%ca%b2%ca%bc
labialized voiceless velar ejective stop consonant	kʼʷ	kʷʼ	https://chridd.nfshost.com/diachronica/search?q=k%ca%b7%ca%bc
palatalized labialized voiceless velar ejective stop consonant	k’ʲʷ	kʷʲʼ	https://chridd.nfshost.com/diachronica/search?q=k%ca%b7%ca%b2%ca%bc
voiceless uvular ejective stop consonant	qʼ	qʼ	https://chridd.nfshost.com/diachronica/search?q=q%ca%bc
long voiceless uvular ejective stop consonant	q’ː	qʼː	https://chridd.nfshost.com/diachronica/search?q=q%ca%bc%cb%90
long voiceless uvular ejective stop consonant	q’ː	qːʼ	https://chridd.nfshost.com/diachronica/search?q=q%cb%90%ca%bc
pharyngealized voiceless uvular ejective stop consonant	q’ˤ	qˤʼ	https://chridd.nfshost.com/diachronica/search?q=q%cb%a4%ca%bc
palatalized voiceless uvular ejective stop consonant	q’ʲ	qʲʼ	https://chridd.nfshost.com/diachronica/search?q=q%ca%b2%ca%bc
palatalized long voiceless uvular ejective stop consonant	q’ʲː	qʲːʼ	https://chridd.nfshost.com/diachronica/search?q=q%ca%b2%cb%90%ca%bc
palatalized pharyngealized voiceless uvular ejective stop consonant	q’ʲˤ	qˤʲʼ	https://chridd.nfshost.com/diachronica/search?q=q%cb%a4%ca%b2%ca%bc
labialized voiceless uvular ejective stop consonant	qʼʷ	qʷʼ	https://chridd.nfshost.com/diachronica/search?q=q%ca%b7%ca%bc
labialized voiceless uvular ejective stop consonant	qʼʷ	qʼʷ	https://chridd.nfshost.com/diachronica/search?q=q%ca%bc%ca%b7
labialized pharyngealized voiceless uvular ejective stop consonant	q’ʷˤ	qˤʷʼ	https://chridd.nfshost.com/diachronica/search?q=q%cb%a4%ca%b7%ca%bc
palatalized labialized voiceless uvular ejective stop consonant	q’ʲʷ	qʲʷʼ	https://chridd.nfshost.com/diachronica/search?q=q%ca%b2%ca%b7%ca%bc
palatalized labialized voiceless uvular ejective stop consonant	q’ʲʷ	qʷʲʼ	https://chridd.nfshost.com/diachronica/search?q=q%ca%b7%ca%b2%ca%bc
palatalized labialized pharyngealized voiceless uvular ejective stop consonant	q’ʲʷˤ	qˤʷʲʼ	https://chridd.nfshost.com/diachronica/search?q=q%cb%a4%ca%b7%ca%b2%ca%bc
voiced bilabial stop consonant	b	b	https://chridd.nfshost.com/diachronica/search?q=b
aspirated voiced bilabial stop consonant	bʰ	bʰ	https://chridd.nfshost.com/diachronica/search?q=b%ca%b0
breathy voiced bilabial stop consonant	bʱ	bʱ	https://chridd.nfshost.com/diachronica/search?q=b%ca%b1
long voiced bilabial stop consonant	bː	bː	https://chridd.nfshost.com/diachronica/search?q=b%cb%90
pharyngealized voiced bilabial stop consonant	bˤ	bˤ	https://chridd.nfshost.com/diachronica/search?q=b%cb%a4
unreleased voiced bilabial stop consonant	b̚	b̚	https://chridd.nfshost.com/diachronica/search?q=b%cc%9a
palatalized voiced bilabial stop consonant	bʲ	bʲ	https://chridd.nfshost.com/diachronica/search?q=b%ca%b2
labialized voiced bilabial stop consonant	bʷ	bʷ	https://chridd.nfshost.com/diachronica/search?q=b%ca%b7
palatalized labialized voiced bilabial stop consonant	bʲʷ	bʷʲ	https://chridd.nfshost.com/diachronica/search?q=b%ca%b7%ca%b2
voiced dental stop consonant	d̪	d̪	https://chridd.nfshost.com/diachronica/search?q=d%cc%aa
voiced alveolar stop consonant	d	d	https://chridd.nfshost.com/diachronica/search?q=d
aspirated voiced alveolar stop consonant	dʰ	dʰ	https://chridd.nfshost.com/diachronica/search?q=d%ca%b0
breathy voiced alveolar stop consonant	dʱ	dʱ	https://chridd.nfshost.com/diachronica/search?q=d%ca%b1
long breathy voiced alveolar stop consonant	dʱː	dʱː	https://chridd.nfshost.com/diachronica/search?q=d%ca%b1%cb%90
long voiced alveolar stop consonant	dː	dː	https://chridd.nfshost.com/diachronica/search?q=d%cb%90
pharyngealized voiced alveolar stop consonant	dˤ	dˤ	https://chridd.nfshost.com/diachronica/search?q=d%cb%a4
voiced alveolar sibilant affricate consonant	dz	d͜z	https://chridd.nfshost.com/diachronica/search?q=d%cd%9cz
pre-nasalized voiced alveolar stop consonant	ⁿd	ⁿd	https://chridd.nfshost.com/diachronica/search?q=%e2%81%bfd
palatalized voiced alveolar stop consonant	dʲ	dʲ	https://chridd.nfshost.com/diachronica/search?q=d%ca%b2
labialized voiced alveolar stop consonant	dʷ	dʷ	https://chridd.nfshost.com/diachronica/search?q=d%ca%b7
voiced retroflex stop consonant	ɖ	ɖ	https://chridd.nfshost.com/diachronica/search?q=%c9%96
breathy voiced retroflex stop consonant	ɖʱ	ɖʱ	https://chridd.nfshost.com/diachronica/search?q=%c9%96%ca%b1
long voiced retroflex stop consonant	ɖː	ɖː	https://chridd.nfshost.com/diachronica/search?q=%c9%96%cb%90
voiced palatal stop consonant	ɟ	ɟ	https://chridd.nfshost.com/diachronica/search?q=%c9%9f
breathy voiced palatal stop consonant	ɟʱ	ɟʱ	https://chridd.nfshost.com/diachronica/search?q=%c9%9f%ca%b1
long voiced palatal stop consonant	ɟː	ɟː	https://chridd.nfshost.com/diachronica/search?q=%c9%9f%cb%90
voiced velar stop consonant	g	ɡ	https://chridd.nfshost.com/diachronica/search?q=%c9%a1
aspirated voiced velar stop consonant	gʰ	ɡʰ	https://chridd.nfshost.com/diachronica/search?q=%c9%a1%ca%b0
breathy voiced velar stop consonant	gʱ	ɡʱ	https://chridd.nfshost.com/diachronica/search?q=%c9%a1%ca%b1
long voiced velar stop consonant	gː	ɡː	https://chridd.nfshost.com/diachronica/search?q=%c9%a1%cb%90
unreleased voiced velar stop consonant	g̚	ɡ̚	https://chridd.nfshost.com/diachronica/search?q=%c9%a1%cc%9a
palatalized voiced velar stop consonant	gʲ	ɡʲ	https://chridd.nfshost.com/diachronica/search?q=%c9%a1%ca%b2
labialized voiced velar stop consonant	gʷ	ɡʷ	https://chridd.nfshost.com/diachronica/search?q=%c9%a1%ca%b7
labialized aspirated voiced velar stop consonant	gʷʰ	ɡʷʰ	https://chridd.nfshost.com/diachronica/search?q=%c9%a1%ca%b7%ca%b0
labialized breathy voiced velar stop consonant	gʷʱ	ɡʷʱ	https://chridd.nfshost.com/diachronica/search?q=%c9%a1%ca%b7%ca%b1
palatalized labialized voiced velar stop consonant	gʲʷ	ɡʲʷ	https://chridd.nfshost.com/diachronica/search?q=%c9%a1%ca%b2%ca%b7
voiced uvular stop consonant	ɢ	ɢ	https://chridd.nfshost.com/diachronica/search?q=%c9%a2
voiced uvular stop consonant	ɢ	ɢ͜	https://chridd.nfshost.com/diachronica/search?q=%c9%a2%cd%9c
voiced uvular stop consonant	ɢ	ɢ͡	https://chridd.nfshost.com/diachronica/search?q=%c9%a2%cd%a1
palatalized voiced uvular stop consonant	ɢʲ	ɢʲ	https://chridd.nfshost.com/diachronica/search?q=%c9%a2%ca%b2
labialized voiced uvular stop consonant	ɢʷ	ɢʷ	https://chridd.nfshost.com/diachronica/search?q=%c9%a2%ca%b7
labialized aspirated voiced uvular stop consonant	ɢʷʰ	ɢʷʰ	https://chridd.nfshost.com/diachronica/search?q=%c9%a2%ca%b7%ca%b0
palatalized labialized voiced uvular stop consonant	ɢʲʷ	ɢʲʷ	https://chridd.nfshost.com/diachronica/search?q=%c9%a2%ca%b2%ca%b7
voiced bilabial implosive consonant	ɓ	ɓ	https://chridd.nfshost.com/diachronica/search?q=%c9%93
voiced dental implosive consonant	ɗ	ɗ	https://chridd.nfshost.com/diachronica/search?q=%c9%97
voiced palatal implosive consonant	ʄ	ʄ	https://chridd.nfshost.com/diachronica/search?q=%ca%84
devoiced voiced velar implosive consonant	ɠ̥	ɠ̥	https://chridd.nfshost.com/diachronica/search?q=%c9%a0%cc%a5
labialized voiced velar implosive consonant	ɠʷ	ɠʷ	https://chridd.nfshost.com/diachronica/search?q=%c9%a0%ca%b7
voiceless bilabial fricative consonant	ɸ	ɸ	https://chridd.nfshost.com/diachronica/search?q=%c9%b8
aspirated voiceless bilabial fricative consonant	ɸʰ	ɸʰ	https://chridd.nfshost.com/diachronica/search?q=%c9%b8%ca%b0
voiceless labio-dental fricative consonant	f	f	https://chridd.nfshost.com/diachronica/search?q=f
long voiceless labio-dental fricative consonant	fː	fː	https://chridd.nfshost.com/diachronica/search?q=f%cb%90
syllabic voiceless labio-dental fricative consonant	f̩	f̩	https://chridd.nfshost.com/diachronica/search?q=f%cc%a9
palatalized voiceless labio-dental fricative consonant	fʲ	fʲ	https://chridd.nfshost.com/diachronica/search?q=f%ca%b2
voiceless dental sibilant fricative consonant	s̪	s̪	https://chridd.nfshost.com/diachronica/search?q=s%cc%aa
voiceless dental fricative consonant	θ	θ	https://chridd.nfshost.com/diachronica/search?q=%ce%b8
long voiceless dental fricative consonant	θː	θː	https://chridd.nfshost.com/diachronica/search?q=%ce%b8%cb%90
pharyngealized voiceless dental fricative consonant	θˤ	θˤ	https://chridd.nfshost.com/diachronica/search?q=%ce%b8%cb%a4
voiceless alveolar sibilant fricative consonant	s	s	https://chridd.nfshost.com/diachronica/search?q=s
aspirated voiceless alveolar sibilant fricative consonant	sʰ	sʰ	https://chridd.nfshost.com/diachronica/search?q=s%ca%b0
long voiceless alveolar sibilant fricative consonant	sː	sː	https://chridd.nfshost.com/diachronica/search?q=s%cb%90
pharyngealized voiceless alveolar sibilant fricative consonant	sˤ	sˤ	https://chridd.nfshost.com/diachronica/search?q=s%cb%a4
syllabic voiceless alveolar sibilant fricative consonant	s̩	s̩	https://chridd.nfshost.com/diachronica/search?q=s%cc%a9
voiceless apical alveolar sibilant fricative consonant	s̺	s̺	https://chridd.nfshost.com/diachronica/search?q=s%cc%ba
voiceless laminal alveolar sibilant fricative consonant	s̻	s̻	https://chridd.nfshost.com/diachronica/search?q=s%cc%bb
palatalized voiceless alveolar sibilant fricative consonant	sʲ	sʲ	https://chridd.nfshost.com/diachronica/search?q=s%ca%b2
palatalized long voiceless alveolar sibilant fricative consonant	sʲː	sʲː	https://chridd.nfshost.com/diachronica/search?q=s%ca%b2%cb%90
labialized voiceless alveolar sibilant fricative consonant	sʷ	sʷ	https://chridd.nfshost.com/diachronica/search?q=s%ca%b7
labialized long voiceless alveolar sibilant fricative consonant	sʷː	sʷː	https://chridd.nfshost.com/diachronica/search?q=s%ca%b7%cb%90
palatalized labialized voiceless alveolar sibilant fricative consonant	sʲʷ	sʲʷ	https://chridd.nfshost.com/diachronica/search?q=s%ca%b2%ca%b7
palatalized labialized long voiceless alveolar sibilant fricative consonant	sʲʷː	sʲʷː	https://chridd.nfshost.com/diachronica/search?q=s%ca%b2%ca%b7%cb%90
palatalized labialized voiceless alveolar sibilant fricative consonant	sʲʷ	sʷʲ	https://chridd.nfshost.com/diachronica/search?q=s%ca%b7%ca%b2
voiceless post-alveolar sibilant fricative consonant	ʃ	ʃ	https://chridd.nfshost.com/diachronica/search?q=%ca%83
aspirated voiceless post-alveolar sibilant fricative consonant	ʃʰ	ʃʰ	https://chridd.nfshost.com/diachronica/search?q=%ca%83%ca%b0
long voiceless post-alveolar sibilant fricative consonant	ʃː	ʃː	https://chridd.nfshost.com/diachronica/search?q=%ca%83%cb%90
pharyngealized voiceless post-alveolar sibilant fricative consonant	ʃˤ	ʃˤ	https://chridd.nfshost.com/diachronica/search?q=%ca%83%cb%a4
voiceless apical post-alveolar sibilant fricative consonant	ʃ̺	ʃ̺	https://chridd.nfshost.com/diachronica/search?q=%ca%83%cc%ba
palatalized voiceless post-alveolar sibilant fricative consonant	ʃʲ	ʃʲ	https://chridd.nfshost.com/diachronica/search?q=%ca%83%ca%b2
labialized voiceless post-alveolar sibilant fricative consonant	ʃʷ	ʃʷ	https://chridd.nfshost.com/diachronica/search?q=%ca%83%ca%b7
labialized aspirated voiceless post-alveolar sibilant fricative consonant	ʃʷʰ	ʃʷʰ	https://chridd.nfshost.com/diachronica/search?q=%ca%83%ca%b7%ca%b0
labialized long voiceless post-alveolar sibilant fricative consonant	ʃʷː	ʃʷː	https://chridd.nfshost.com/diachronica/search?q=%ca%83%ca%b7%cb%90
voiceless retroflex sibilant fricative consonant	ʂ	ʂ	https://chridd.nfshost.com/diachronica/search?q=%ca%82
aspirated voiceless retroflex sibilant fricative consonant	ʂʰ	ʂʰ	https://chridd.nfshost.com/diachronica/search?q=%ca%82%ca%b0
long voiceless retroflex sibilant fricative consonant	ʂː	ʂː	https://chridd.nfshost.com/diachronica/search?q=%ca%82%cb%90
labialized voiceless retroflex sibilant fricative consonant	ʂʷ	ʂʷ	https://chridd.nfshost.com/diachronica/search?q=%ca%82%ca%b7
voiceless alveolo-palatal sibilant fricative consonant	ɕ	ɕ	https://chridd.nfshost.com/diachronica/search?q=%c9%95
aspirated voiceless alveolo-palatal sibilant fricative consonant	ɕʰ	ɕʰ	https://chridd.nfshost.com/diachronica/search?q=%c9%95%ca%b0
long voiceless alveolo-palatal sibilant fricative consonant	ɕː	ɕː	https://chridd.nfshost.com/diachronica/search?q=%c9%95%cb%90
voiceless alveolo-palatal sibilant fricative consonant	ɕ	ɕ͡	https://chridd.nfshost.com/diachronica/search?q=%c9%95%cd%a1
aspirated voiceless alveolo-palatal sibilant fricative consonant	ɕʰ	ɕ͡ʰ	https://chridd.nfshost.com/diachronica/search?q=%c9%95%cd%a1%ca%b0
labialized voiceless alveolo-palatal sibilant fricative consonant	ɕʷ	ɕʷ	https://chridd.nfshost.com/diachronica/search?q=%c9%95%ca%b7
labialized long voiceless alveolo-palatal sibilant fricative consonant	ɕʷː	ɕʷː	https://chridd.nfshost.com/diachronica/search?q=%c9%95%ca%b7%cb%90
voiceless palatal sibilant fricative consonant	ç	ç	https://chridd.nfshost.com/diachronica/search?q=%c3%a7
voiceless velar fricative consonant	x	x	https://chridd.nfshost.com/diachronica/search?q=x
long voiceless velar fricative consonant	xː	xː	https://chridd.nfshost.com/diachronica/search?q=x%cb%90
palatalized voiceless velar fricative consonant	xʲ	xʲ	https://chridd.nfshost.com/diachronica/search?q=x%ca%b2
palatalized long voiceless velar fricative consonant	xʲː	xʲː	https://chridd.nfshost.com/diachronica/search?q=x%ca%b2%cb%90
labialized voiceless velar fricative consonant	xʷ	xʷ	https://chridd.nfshost.com/diachronica/search?q=x%ca%b7
palatalized labialized voiceless velar fricative consonant	xʲʷ	xʲʷ	https://chridd.nfshost.com/diachronica/search?q=x%ca%b2%ca%b7
palatalized labialized voiceless velar fricative consonant	xʲʷ	xʷʲ	https://chridd.nfshost.com/diachronica/search?q=x%ca%b7%ca%b2
voiceless uvular fricative consonant	χ	χ	https://chridd.nfshost.com/diachronica/search?q=%cf%87
pharyngealized voiceless uvular fricative consonant	χˤ	χˤ	https://chridd.nfshost.com/diachronica/search?q=%cf%87%cb%a4
palatalized voiceless uvular fricative consonant	χʲ	χʲ	https://chridd.nfshost.com/diachronica/search?q=%cf%87%ca%b2
palatalized pharyngealized voiceless uvular fricative consonant	χʲˤ	χˤʲ	https://chridd.nfshost.com/diachronica/search?q=%cf%87%cb%a4%ca%b2
labialized voiceless uvular fricative consonant	χʷ	χʷ	https://chridd.nfshost.com/diachronica/search?q=%cf%87%ca%b7
labialized pharyngealized voiceless uvular fricative consonant	χʷˤ	χˤʷ	https://chridd.nfshost.com/diachronica/search?q=%cf%87%cb%a4%ca%b7
palatalized labialized voiceless uvular fricative consonant	χʲʷ	χʲʷ	https://chridd.nfshost.com/diachronica/search?q=%cf%87%ca%b2%ca%b7
palatalized labialized voiceless uvular fricative consonant	χʲʷ	χʷʲ	https://chridd.nfshost.com/diachronica/search?q=%cf%87%ca%b7%ca%b2
voiceless pharyngeal fricative consonant	ħ	ħ	https://chridd.nfshost.com/diachronica/search?q=%c4%a7
labialized voiceless pharyngeal fricative consonant	ħʷ	ħʷ	https://chridd.nfshost.com/diachronica/search?q=%c4%a7%ca%b7
voiceless glottal fricative consonant	h	h	https://chridd.nfshost.com/diachronica/search?q=h
long voiceless glottal fricative consonant	hː	hː	https://chridd.nfshost.com/diachronica/search?q=h%cb%90
nasalized voiceless glottal fricative consonant	h̃	h̃	https://chridd.nfshost.com/diachronica/search?q=h%cc%83
labialized voiceless glottal fricative consonant	hʷ	hʷ	https://chridd.nfshost.com/diachronica/search?q=h%ca%b7
nasalized labialized voiceless glottal fricative consonant	h̃ʷ	h̃ʷ	https://chridd.nfshost.com/diachronica/search?q=h%cc%83%ca%b7
voiceless bilabial ejective fricative consonant	ɸ’	ɸʼ	https://chridd.nfshost.com/diachronica/search?q=%c9%b8%ca%bc
voiceless labio-dental ejective fricative consonant	fʼ	fʼ	https://chridd.nfshost.com/diachronica/search?q=f%ca%bc
voiceless dental ejective fricative consonant	θ’	θʼ	https://chridd.nfshost.com/diachronica/search?q=%ce%b8%ca%bc
voiceless alveolar ejective sibilant fricative consonant	sʼ	sʼ	https://chridd.nfshost.com/diachronica/search?q=s%ca%bc
long voiceless alveolar ejective sibilant fricative consonant	s’ː	sːʼ	https://chridd.nfshost.com/diachronica/search?q=s%cb%90%ca%bc
palatalized voiceless alveolar ejective sibilant fricative consonant	s’ʲ	sʲʼ	https://chridd.nfshost.com/diachronica/search?q=s%ca%b2%ca%bc
labialized voiceless alveolar ejective sibilant fricative consonant	s’ʷ	sʷʼ	https://chridd.nfshost.com/diachronica/search?q=s%ca%b7%ca%bc
labialized voiceless alveolar ejective sibilant fricative consonant	s’ʷ	sʼʷ	https://chridd.nfshost.com/diachronica/search?q=s%ca%bc%ca%b7
palatalized labialized voiceless alveolar ejective sibilant fricative consonant	s’ʲʷ	sʷʲʼ	https://chridd.nfshost.com/diachronica/search?q=s%ca%b7%ca%b2%ca%bc
voiceless post-alveolar ejective sibilant fricative consonant	ʃʼ	ʃʼ	https://chridd.nfshost.com/diachronica/search?q=%ca%83%ca%bc
long voiceless post-alveolar ejective sibilant fricative consonant	ʃ’ː	ʃːʼ	https://chridd.nfshost.com/diachronica/search?q=%ca%83%cb%90%ca%bc
palatalized voiceless post-alveolar ejective sibilant fricative consonant	ʃ’ʲ	ʃʲʼ	https://chridd.nfshost.com/diachronica/search?q=%ca%83%ca%b2%ca%bc
labialized voiceless post-alveolar ejective sibilant fricative consonant	ʃ’ʷ	ʃʷʼ	https://chridd.nfshost.com/diachronica/search?q=%ca%83%ca%b7%ca%bc
voiceless retroflex ejective sibilant fricative consonant	ʂ’	ʂʼ	https://chridd.nfshost.com/diachronica/search?q=%ca%82%ca%bc
voiceless alveolo-palatal ejective sibilant fricative consonant	ɕ’	ɕʼ	https://chridd.nfshost.com/diachronica/search?q=%c9%95%ca%bc
labialized voiceless alveolo-palatal ejective sibilant fricative consonant	ɕ’ʷ	ɕʷʼ	https://chridd.nfshost.com/diachronica/search?q=%c9%95%ca%b7%ca%bc
voiceless palatal ejective sibilant fricative consonant	ç’	çʼ	https://chridd.nfshost.com/diachronica/search?q=%c3%a7%ca%bc
voiceless velar ejective fricative consonant	xʼ	xʼ	https://chridd.nfshost.com/diachronica/search?q=x%ca%bc
labialized voiceless velar ejective fricative consonant	x’ʷ	xʷʼ	https://chridd.nfshost.com/diachronica/search?q=x%ca%b7%ca%bc
voiceless uvular ejective fricative consonant	χʼ	χʼ	https://chridd.nfshost.com/diachronica/search?q=%cf%87%ca%bc
labialized voiceless uvular ejective fricative consonant	χ’ʷ	χʷʼ	https://chridd.nfshost.com/diachronica/search?q=%cf%87%ca%b7%ca%bc
voiced bilabial fricative consonant	β	β	https://chridd.nfshost.com/diachronica/search?q=%ce%b2
labialized voiced bilabial fricative consonant	βʷ	βʷ	https://chridd.nfshost.com/diachronica/search?q=%ce%b2%ca%b7
voiced labio-dental fricative consonant	v	v	https://chridd.nfshost.com/diachronica/search?q=v
long voiced labio-dental fricative consonant	vː	vː	https://chridd.nfshost.com/diachronica/search?q=v%cb%90
pharyngealized voiced labio-dental fricative consonant	vˤ	vˤ	https://chridd.nfshost.com/diachronica/search?q=v%cb%a4
syllabic voiced labio-dental fricative consonant	v̩	v̩	https://chridd.nfshost.com/diachronica/search?q=v%cc%a9
labialized voiced labio-dental fricative consonant	vʷ	vʷ	https://chridd.nfshost.com/diachronica/search?q=v%ca%b7
voiced dental sibilant fricative consonant	z̪	z̪	https://chridd.nfshost.com/diachronica/search?q=z%cc%aa
voiced dental fricative consonant	ð	ð	https://chridd.nfshost.com/diachronica/search?q=%c3%b0
long voiced dental fricative consonant	ðː	ðː	https://chridd.nfshost.com/diachronica/search?q=%c3%b0%cb%90
pharyngealized voiced dental fricative consonant	ðˤ	ðˤ	https://chridd.nfshost.com/diachronica/search?q=%c3%b0%cb%a4
palatalized voiced dental fricative consonant	ðʲ	ðʲ	https://chridd.nfshost.com/diachronica/search?q=%c3%b0%ca%b2
voiced alveolar sibilant fricative consonant	z	z	https://chridd.nfshost.com/diachronica/search?q=z
breathy voiced alveolar sibilant fricative consonant	zʱ	zʱ	https://chridd.nfshost.com/diachronica/search?q=z%ca%b1
long voiced alveolar sibilant fricative consonant	zː	zː	https://chridd.nfshost.com/diachronica/search?q=z%cb%90
pharyngealized voiced alveolar sibilant fricative consonant	zˤ	zˤ	https://chridd.nfshost.com/diachronica/search?q=z%cb%a4
palatalized voiced alveolar sibilant fricative consonant	zʲ	zʲ	https://chridd.nfshost.com/diachronica/search?q=z%ca%b2
labialized voiced alveolar sibilant fricative consonant	zʷ	zʷ	https://chridd.nfshost.com/diachronica/search?q=z%ca%b7
palatalized labialized voiced alveolar sibilant fricative consonant	zʲʷ	zʲʷ	https://chridd.nfshost.com/diachronica/search?q=z%ca%b2%ca%b7
palatalized labialized voiced alveolar sibilant fricative consonant	zʲʷ	zʷʲ	https://chridd.nfshost.com/diachronica/search?q=z%ca%b7%ca%b2
voiced post-alveolar sibilant fricative consonant	ʒ	ʒ	https://chridd.nfshost.com/diachronica/search?q=%ca%92
breathy voiced post-alveolar sibilant fricative consonant	ʒʱ	ʒʱ	https://chridd.nfshost.com/diachronica/search?q=%ca%92%ca%b1
long voiced post-alveolar sibilant fricative consonant	ʒː	ʒː	https://chridd.nfshost.com/diachronica/search?q=%ca%92%cb%90
palatalized voiced post-alveolar sibilant fricative consonant	ʒʲ	ʒʲ	https://chridd.nfshost.com/diachronica/search?q=%ca%92%ca%b2
labialized voiced post-alveolar sibilant fricative consonant	ʒʷ	ʒʷ	https://chridd.nfshost.com/diachronica/search?q=%ca%92%ca%b7
voiced retroflex sibilant fricative consonant	ʐ	ʐ	https://chridd.nfshost.com/diachronica/search?q=%ca%90
breathy voiced retroflex sibilant fricative consonant	ʐʱ	ʐʱ	https://chridd.nfshost.com/diachronica/search?q=%ca%90%ca%b1
voiced alveolo-palatal sibilant fricative consonant	ʑ	ʑ	https://chridd.nfshost.com/diachronica/search?q=%ca%91
breathy voiced alveolo-palatal sibilant fricative consonant	ʑʱ	ʑʱ	https://chridd.nfshost.com/diachronica/search?q=%ca%91%ca%b1
labialized voiced alveolo-palatal sibilant fricative consonant	ʑʷ	ʑʷ	https://chridd.nfshost.com/diachronica/search?q=%ca%91%ca%b7
voiced palatal fricative consonant	ʝ	ʝ	https://chridd.nfshost.com/diachronica/search?q=%ca%9d
long voiced palatal fricative consonant	ʝː	ʝː	https://chridd.nfshost.com/diachronica/search?q=%ca%9d%cb%90
voiced palatal fricative consonant	ʝ	ʝ͡	https://chridd.nfshost.com/diachronica/search?q=%ca%9d%cd%a1
voiced velar fricative consonant	ɣ	ɣ	https://chridd.nfshost.com/diachronica/search?q=%c9%a3
long voiced velar fricative consonant	ɣː	ɣː	https://chridd.nfshost.com/diachronica/search?q=%c9%a3%cb%90
palatalized voiced velar fricative consonant	ɣʲ	ɣʲ	https://chridd.nfshost.com/diachronica/search?q=%c9%a3%ca%b2
labialized voiced velar fricative consonant	ɣʷ	ɣʷ	https://chridd.nfshost.com/diachronica/search?q=%c9%a3%ca%b7
palatalized labialized voiced velar fricative consonant	ɣʲʷ	ɣʲʷ	https://chridd.nfshost.com/diachronica/search?q=%c9%a3%ca%b2%ca%b7
palatalized labialized voiced velar fricative consonant	ɣʲʷ	ɣʷʲ	https://chridd.nfshost.com/diachronica/search?q=%c9%a3%ca%b7%ca%b2
voiced uvular fricative consonant	ʁ	ʁ	https://chridd.nfshost.com/diachronica/search?q=%ca%81
long voiced uvular fricative consonant	ʁː	ʁː	https://chridd.nfshost.com/diachronica/search?q=%ca%81%cb%90
pharyngealized voiced uvular fricative consonant	ʁˤ	ʁˤ	https://chridd.nfshost.com/diachronica/search?q=%ca%81%cb%a4
palatalized voiced uvular fricative consonant	ʁʲ	ʁʲ	https://chridd.nfshost.com/diachronica/search?q=%ca%81%ca%b2
palatalized pharyngealized voiced uvular fricative consonant	ʁʲˤ	ʁˤʲ	https://chridd.nfshost.com/diachronica/search?q=%ca%81%cb%a4%ca%b2
labialized voiced uvular fricative consonant	ʁʷ	ʁʷ	https://chridd.nfshost.com/diachronica/search?q=%ca%81%ca%b7
labialized pharyngealized voiced uvular fricative consonant	ʁʷˤ	ʁˤʷ	https://chridd.nfshost.com/diachronica/search?q=%ca%81%cb%a4%ca%b7
palatalized labialized voiced uvular fricative consonant	ʁʲʷ	ʁʲʷ	https://chridd.nfshost.com/diachronica/search?q=%ca%81%ca%b2%ca%b7
palatalized labialized voiced uvular fricative consonant	ʁʲʷ	ʁʷʲ	https://chridd.nfshost.com/diachronica/search?q=%ca%81%ca%b7%ca%b2
palatalized labialized pharyngealized voiced uvular fricative consonant	ʁʲʷˤ	ʁˤʲʷ	https://chridd.nfshost.com/diachronica/search?q=%ca%81%cb%a4%ca%b2%ca%b7
palatalized labialized pharyngealized voiced uvular fricative consonant	ʁʲʷˤ	ʁˤʷʲ	https://chridd.nfshost.com/diachronica/search?q=%ca%81%cb%a4%ca%b7%ca%b2
voiced pharyngeal fricative consonant	ʕ	ʕ	https://chridd.nfshost.com/diachronica/search?q=%ca%95
labialized voiced pharyngeal fricative consonant	ʕʷ	ʕʷ	https://chridd.nfshost.com/diachronica/search?q=%ca%95%ca%b7
voiced glottal fricative consonant	ɦ	ɦ	https://chridd.nfshost.com/diachronica/search?q=%c9%a6
voiced labio-dental approximant consonant	ʋ	ʋ	https://chridd.nfshost.com/diachronica/search?q=%ca%8b
nasalized voiced labio-dental approximant consonant	ʋ̃	ʋ̃	https://chridd.nfshost.com/diachronica/search?q=%ca%8b%cc%83
voiced alveolar approximant consonant	ɹ	ɹ	https://chridd.nfshost.com/diachronica/search?q=%c9%b9
voiced retroflex approximant consonant	ɻ	ɻ	https://chridd.nfshost.com/diachronica/search?q=%c9%bb
devoiced voiced palatal approximant consonant	j̊	j̊	https://chridd.nfshost.com/diachronica/search?q=j%cc%8a
voiced palatal approximant consonant	j	j	https://chridd.nfshost.com/diachronica/search?q=j
aspirated voiced palatal approximant consonant	jʰ	jʰ	https://chridd.nfshost.com/diachronica/search?q=j%ca%b0
glottalized voiced palatal approximant consonant	jˀ	jˀ	https://chridd.nfshost.com/diachronica/search?q=j%cb%80
long voiced palatal approximant consonant	jː	jː	https://chridd.nfshost.com/diachronica/search?q=j%cb%90
nasalized voiced palatal approximant consonant	j̃	j̃	https://chridd.nfshost.com/diachronica/search?q=j%cc%83
voiced labialized-palatal approximant consonant	ɥ	ɥ	https://chridd.nfshost.com/diachronica/search?q=%c9%a5
nasalized voiced labialized-palatal approximant consonant	ɥ̃	ɥ̃	https://chridd.nfshost.com/diachronica/search?q=%c9%a5%cc%83
voiced velar approximant consonant	ɰ	ɰ	https://chridd.nfshost.com/diachronica/search?q=%c9%b0
nasalized voiced velar approximant consonant	ɰ̃	ɰ̃	https://chridd.nfshost.com/diachronica/search?q=%c9%b0%cc%83
devoiced voiced labialized-velar approximant consonant	w̥	w̥	https://chridd.nfshost.com/diachronica/search?q=w%cc%a5
voiceless labialized-velar approximant consonant	ʍ	ʍ	https://chridd.nfshost.com/diachronica/search?q=%ca%8d
voiced labialized-velar approximant consonant	w	w	https://chridd.nfshost.com/diachronica/search?q=w
aspirated voiced labialized-velar approximant consonant	wʰ	wʰ	https://chridd.nfshost.com/diachronica/search?q=w%ca%b0
glottalized voiced labialized-velar approximant consonant	wˀ	wˀ	https://chridd.nfshost.com/diachronica/search?q=w%cb%80
long voiced labialized-velar approximant consonant	wː	wː	https://chridd.nfshost.com/diachronica/search?q=w%cb%90
nasalized voiced labialized-velar approximant consonant	w̃	w̃	https://chridd.nfshost.com/diachronica/search?q=w%cc%83
palatalized voiced labialized-velar approximant consonant	wʲ	wʲ	https://chridd.nfshost.com/diachronica/search?q=w%ca%b2
devoiced voiced alveolar tap consonant	ɾ	ɾ	https://chridd.nfshost.com/diachronica/search?q=%c9%be
voiced retroflex tap consonant	ɽ	ɽ	https://chridd.nfshost.com/diachronica/search?q=%c9%bd
voiced bilabial trill consonant	ʙ	ʙ	https://chridd.nfshost.com/diachronica/search?q=%ca%99
devoiced voiced alveolar trill consonant	r̥	r̥	https://chridd.nfshost.com/diachronica/search?q=r%cc%a5
voiced alveolar trill consonant	r	r	https://chridd.nfshost.com/diachronica/search?q=r
aspirated voiced alveolar trill consonant	rʰ	rʰ	https://chridd.nfshost.com/diachronica/search?q=r%ca%b0
long voiced alveolar trill consonant	rː	rː	https://chridd.nfshost.com/diachronica/search?q=r%cb%90
syllabic voiced alveolar trill consonant	r̩	r̩	https://chridd.nfshost.com/diachronica/search?q=r%cc%a9
syllabic long voiced alveolar trill consonant	r̩ː	r̩ː	https://chridd.nfshost.com/diachronica/search?q=r%cc%a9%cb%90
palatalized voiced alveolar trill consonant	rʲ	rʲ	https://chridd.nfshost.com/diachronica/search?q=r%ca%b2
palatalized long voiced alveolar trill consonant	rʲː	rːʲ	https://chridd.nfshost.com/diachronica/search?q=r%cb%90%ca%b2
voiced uvular trill consonant	ʀ	ʀ	https://chridd.nfshost.com/diachronica/search?q=%ca%80
voiceless alveolar lateral fricative consonant	ɬ	ɬ	https://chridd.nfshost.com/diachronica/search?q=%c9%ac
aspirated voiceless alveolar lateral fricative consonant	ɬʰ	ɬʰ	https://chridd.nfshost.com/diachronica/search?q=%c9%ac%ca%b0
voiceless alveolar ejective lateral fricative consonant	ɬʼ	ɬʼ	https://chridd.nfshost.com/diachronica/search?q=%c9%ac%ca%bc
long voiceless alveolar lateral fricative consonant	ɬː	ɬː	https://chridd.nfshost.com/diachronica/search?q=%c9%ac%cb%90
long voiceless alveolar ejective lateral fricative consonant	ɬ’ː	ɬːʼ	https://chridd.nfshost.com/diachronica/search?q=%c9%ac%cb%90%ca%bc
pharyngealized voiceless alveolar lateral fricative consonant	ɬˤ	ɬˤ	https://chridd.nfshost.com/diachronica/search?q=%c9%ac%cb%a4
voiced alveolar lateral fricative consonant	ɮ	ɮ	https://chridd.nfshost.com/diachronica/search?q=%c9%ae
palatalized voiceless alveolar lateral fricative consonant	ɬʲ	ɬʲ	https://chridd.nfshost.com/diachronica/search?q=%c9%ac%ca%b2
palatalized voiceless alveolar ejective lateral fricative consonant	ɬ’ʲ	ɬʲʼ	https://chridd.nfshost.com/diachronica/search?q=%c9%ac%ca%b2%ca%bc
palatalized long voiceless alveolar ejective lateral fricative consonant	ɬ’ʲː	ɬʲʼː	https://chridd.nfshost.com/diachronica/search?q=%c9%ac%ca%b2%ca%bc%cb%90
palatalized voiced alveolar lateral fricative consonant	ɮʲ	ɮʲ	https://chridd.nfshost.com/diachronica/search?q=%c9%ae%ca%b2
labialized voiceless alveolar lateral fricative consonant	ɬʷ	ɬʷ	https://chridd.nfshost.com/diachronica/search?q=%c9%ac%ca%b7
labialized voiceless alveolar ejective lateral fricative consonant	ɬ’ʷ	ɬʷʼ	https://chridd.nfshost.com/diachronica/search?q=%c9%ac%ca%b7%ca%bc
labialized long voiceless alveolar lateral fricative consonant	ɬʷː	ɬʷː	https://chridd.nfshost.com/diachronica/search?q=%c9%ac%ca%b7%cb%90
labialized voiced alveolar lateral fricative consonant	ɮʷ	ɮʷ	https://chridd.nfshost.com/diachronica/search?q=%c9%ae%ca%b7
palatalized labialized voiceless alveolar lateral fricative consonant	ɬʲʷ	ɬʲʷ	https://chridd.nfshost.com/diachronica/search?q=%c9%ac%ca%b2%ca%b7
palatalized labialized long voiceless alveolar lateral fricative consonant	ɬʲʷː	ɬʲʷː	https://chridd.nfshost.com/diachronica/search?q=%c9%ac%ca%b2%ca%b7%cb%90
palatalized labialized voiceless alveolar lateral fricative consonant	ɬʲʷ	ɬʷʲ	https://chridd.nfshost.com/diachronica/search?q=%c9%ac%ca%b7%ca%b2
palatalized labialized voiceless alveolar ejective lateral fricative consonant	ɬ’ʲʷ	ɬʷʲʼ	https://chridd.nfshost.com/diachronica/search?q=%c9%ac%ca%b7%ca%b2%ca%bc
palatalized labialized long voiceless alveolar lateral fricative consonant	ɬʲʷː	ɬʷʲː	https://chridd.nfshost.com/diachronica/search?q=%c9%ac%ca%b7%ca%b2%cb%90
palatalized labialized voiced alveolar lateral fricative consonant	ɮʲʷ	ɮʲʷ	https://chridd.nfshost.com/diachronica/search?q=%c9%ae%ca%b2%ca%b7
palatalized labialized voiced alveolar lateral fricative consonant	ɮʲʷ	ɮʷʲ	https://chridd.nfshost.com/diachronica/search?q=%c9%ae%ca%b7%ca%b2
devoiced voiced alveolar lateral approximant consonant	l̥	l̥	https://chridd.nfshost.com/diachronica/search?q=l%cc%a5
voiced alveolar lateral approximant consonant	l	l	https://chridd.nfshost.com/diachronica/search?q=l
aspirated voiced alveolar lateral approximant consonant	lʰ	lʰ	https://chridd.nfshost.com/diachronica/search?q=l%ca%b0
voiced alveolar ejective lateral approximant consonant	l’	lʼ	https://chridd.nfshost.com/diachronica/search?q=l%ca%bc
long voiced alveolar lateral approximant consonant	lː	lː	https://chridd.nfshost.com/diachronica/search?q=l%cb%90
nasalized voiced alveolar lateral approximant consonant	l̃	l̃	https://chridd.nfshost.com/diachronica/search?q=l%cc%83
syllabic voiced alveolar lateral approximant consonant	l̩	l̩	https://chridd.nfshost.com/diachronica/search?q=l%cc%a9
syllabic long voiced alveolar lateral approximant consonant	l̩ː	l̩ː	https://chridd.nfshost.com/diachronica/search?q=l%cc%a9%cb%90
palatalized voiced alveolar lateral approximant consonant	lʲ	lʲ	https://chridd.nfshost.com/diachronica/search?q=l%ca%b2
palatalized long voiced alveolar lateral approximant consonant	lʲː	lːʲ	https://chridd.nfshost.com/diachronica/search?q=l%cb%90%ca%b2
voiced retroflex lateral approximant consonant	ɭ	ɭ	https://chridd.nfshost.com/diachronica/search?q=%c9%ad
breathy voiced retroflex lateral approximant consonant	ɭʱ	ɭʱ	https://chridd.nfshost.com/diachronica/search?q=%c9%ad%ca%b1
long voiced retroflex lateral approximant consonant	ɭː	ɭː	https://chridd.nfshost.com/diachronica/search?q=%c9%ad%cb%90
voiced palatal lateral approximant consonant	ʎ	ʎ	https://chridd.nfshost.com/diachronica/search?q=%ca%8e
voiced velar lateral approximant consonant	ʟ	ʟ	https://chridd.nfshost.com/diachronica/search?q=%ca%9f
voiceless labial click consonant	ʘ	ʘ	https://chridd.nfshost.com/diachronica/search?q=%ca%98
voiceless dental click consonant	ǀ	ǀ	https://chridd.nfshost.com/diachronica/search?q=%c7%80
aspirated voiceless dental click consonant	ǀʰ	ǀʰ	https://chridd.nfshost.com/diachronica/search?q=%c7%80%ca%b0
glottalized voiceless dental click consonant	ǀˀ	ǀˀ	https://chridd.nfshost.com/diachronica/search?q=%c7%80%cb%80
nasalized voiceless dental click consonant	ǀ̃	ǀ̃	https://chridd.nfshost.com/diachronica/search?q=%c7%80%cc%83
pre-nasalized aspirated voiceless dental click consonant	ⁿǀʰ	ⁿǀʰ	https://chridd.nfshost.com/diachronica/search?q=%e2%81%bf%c7%80%ca%b0
voiceless lateral click consonant	ǁ	ǁ	https://chridd.nfshost.com/diachronica/search?q=%c7%81
glottalized voiceless lateral click consonant	ǁˀ	ǁˀ	https://chridd.nfshost.com/diachronica/search?q=%c7%81%cb%80
voiceless alveolar click consonant	ǃ	ǃ	https://chridd.nfshost.com/diachronica/search?q=%c7%83
glottalized voiceless alveolar click consonant	ǃˀ	ǃˀ	https://chridd.nfshost.com/diachronica/search?q=%c7%83%cb%80
nasalized voiceless alveolar click consonant	ǃ̃	ǃ̃	https://chridd.nfshost.com/diachronica/search?q=%c7%83%cc%83
revoiced voiceless alveolar click consonant	ǃ̬	ǃ̬	https://chridd.nfshost.com/diachronica/search?q=%c7%83%cc%ac
voiceless palatal click consonant	ǂ	ǂ	https://chridd.nfshost.com/diachronica/search?q=%c7%82
glottalized voiceless palatal click consonant	ǂˀ	ǂˀ	https://chridd.nfshost.com/diachronica/search?q=%c7%82%cb%80
nasalized voiceless palatal click consonant	ǂ̃	ǂ̃	https://chridd.nfshost.com/diachronica/search?q=%c7%82%cc%83
unrounded close front vowel	i	i	https://chridd.nfshost.com/diachronica/search?q=i
long unrounded close front vowel	iː	iː	https://chridd.nfshost.com/diachronica/search?q=i%cb%90
unrounded close front with_high_tone vowel	í	í	https://chridd.nfshost.com/diachronica/search?q=i%cc%81
unrounded close front with_falling_tone vowel	î	î	https://chridd.nfshost.com/diachronica/search?q=i%cc%82
nasalized unrounded close front vowel	ĩ	ĩ	https://chridd.nfshost.com/diachronica/search?q=i%cc%83
ultra-short unrounded close front vowel	ĭ	ĭ	https://chridd.nfshost.com/diachronica/search?q=i%cc%86
non-syllabic unrounded close front vowel	i̯	i̯	https://chridd.nfshost.com/diachronica/search?q=i%cc%af
creaky unrounded close front vowel	ḭ	ḭ	https://chridd.nfshost.com/diachronica/search?q=i%cc%b0
rounded close front vowel	y	y	https://chridd.nfshost.com/diachronica/search?q=y
long rounded close front vowel	yː	yː	https://chridd.nfshost.com/diachronica/search?q=y%cb%90
nasalized rounded close front vowel	ỹ	ỹ	https://chridd.nfshost.com/diachronica/search?q=y%cc%83
unrounded close central vowel	ɨ	ɨ	https://chridd.nfshost.com/diachronica/search?q=%c9%a8
long unrounded close central vowel	ɨː	ɨː	https://chridd.nfshost.com/diachronica/search?q=%c9%a8%cb%90
nasalized unrounded close central vowel	ɨ̃	ɨ̃	https://chridd.nfshost.com/diachronica/search?q=%c9%a8%cc%83
long nasalized unrounded close central vowel	ɨ̃ː	ɨ̃ː	https://chridd.nfshost.com/diachronica/search?q=%c9%a8%cc%83%cb%90
ultra-short unrounded close central vowel	ɨ̆	ɨ̆	https://chridd.nfshost.com/diachronica/search?q=%c9%a8%cc%86
non-syllabic unrounded close central vowel	ɨ̯	ɨ̯	https://chridd.nfshost.com/diachronica/search?q=%c9%a8%cc%af
creaky unrounded close central vowel	ɨ̰	ɨ̰	https://chridd.nfshost.com/diachronica/search?q=%c9%a8%cc%b0
rounded close central vowel	ʉ	ʉ	https://chridd.nfshost.com/diachronica/search?q=%ca%89
long rounded close central vowel	ʉː	ʉː	https://chridd.nfshost.com/diachronica/search?q=%ca%89%cb%90
unrounded close back vowel	ɯ	ɯ	https://chridd.nfshost.com/diachronica/search?q=%c9%af
long unrounded close back vowel	ɯː	ɯː	https://chridd.nfshost.com/diachronica/search?q=%c9%af%cb%90
rounded close back vowel	u	u	https://chridd.nfshost.com/diachronica/search?q=u
long rounded close back vowel	uː	uː	https://chridd.nfshost.com/diachronica/search?q=u%cb%90
rounded close back with_high_tone vowel	ú	ú	https://chridd.nfshost.com/diachronica/search?q=u%cc%81
rounded close back with_falling_tone vowel	û	û	https://chridd.nfshost.com/diachronica/search?q=u%cc%82
nasalized rounded close back vowel	ũ	ũ	https://chridd.nfshost.com/diachronica/search?q=u%cc%83
long nasalized rounded close back vowel	ũː	ũː	https://chridd.nfshost.com/diachronica/search?q=u%cc%83%cb%90
ultra-short rounded close back vowel	ŭ	ŭ	https://chridd.nfshost.com/diachronica/search?q=u%cc%86
non-syllabic rounded close back vowel	u̯	u̯	https://chridd.nfshost.com/diachronica/search?q=u%cc%af
creaky rounded close back vowel	ṵ	ṵ	https://chridd.nfshost.com/diachronica/search?q=u%cc%b0
unrounded near-close near-front vowel	ɪ	ɪ	https://chridd.nfshost.com/diachronica/search?q=%c9%aa
long unrounded near-close near-front vowel	ɪː	ɪː	https://chridd.nfshost.com/diachronica/search?q=%c9%aa%cb%90
nasalized unrounded near-close near-front vowel	ɪ̃	ɪ̃	https://chridd.nfshost.com/diachronica/search?q=%c9%aa%cc%83
lowered unrounded near-close near-front vowel	ɪ̞	ɪ̞	https://chridd.nfshost.com/diachronica/search?q=%c9%aa%cc%9e
rounded near-close near-front vowel	ʏ	ʏ	https://chridd.nfshost.com/diachronica/search?q=%ca%8f
rounded near-close near-back vowel	ʊ	ʊ	https://chridd.nfshost.com/diachronica/search?q=%ca%8a
rounded near-close near-back with_high_tone vowel	ʊ́	ʊ́	https://chridd.nfshost.com/diachronica/search?q=%ca%8a%cc%81
rounded near-close near-back with_mid_tone vowel	ʊ̄	ʊ̄	https://chridd.nfshost.com/diachronica/search?q=%ca%8a%cc%84
rounded near-close central vowel	ʊ̈	ʊ̈	https://chridd.nfshost.com/diachronica/search?q=%ca%8a%cc%88
non-syllabic rounded near-close near-back vowel	ʊ̯	ʊ̯	https://chridd.nfshost.com/diachronica/search?q=%ca%8a%cc%af
unrounded close-mid front vowel	e	e	https://chridd.nfshost.com/diachronica/search?q=e
long unrounded close-mid front vowel	eː	eː	https://chridd.nfshost.com/diachronica/search?q=e%cb%90
unrounded close-mid front with_low_tone vowel	è	è	https://chridd.nfshost.com/diachronica/search?q=e%cc%80
unrounded close-mid front with_high_tone vowel	é	é	https://chridd.nfshost.com/diachronica/search?q=e%cc%81
unrounded close-mid front with_falling_tone vowel	ê	ê	https://chridd.nfshost.com/diachronica/search?q=e%cc%82
nasalized unrounded close-mid front vowel	ẽ	ẽ	https://chridd.nfshost.com/diachronica/search?q=e%cc%83
long nasalized unrounded close-mid front vowel	ẽː	ẽː	https://chridd.nfshost.com/diachronica/search?q=e%cc%83%cb%90
unrounded close-mid front with_mid_tone vowel	ē	ē	https://chridd.nfshost.com/diachronica/search?q=e%cc%84
non-syllabic unrounded close-mid front vowel	e̯	e̯	https://chridd.nfshost.com/diachronica/search?q=e%cc%af
creaky unrounded close-mid front vowel	ḛ	ḛ	https://chridd.nfshost.com/diachronica/search?q=e%cc%b0
rounded close-mid front vowel	ø	ø	https://chridd.nfshost.com/diachronica/search?q=%c3%b8
long rounded close-mid front vowel	øː	øː	https://chridd.nfshost.com/diachronica/search?q=%c3%b8%cb%90
unrounded close-mid central vowel	ɘ	ɘ	https://chridd.nfshost.com/diachronica/search?q=%c9%98
rounded close-mid central vowel	ɵ	ɵ	https://chridd.nfshost.com/diachronica/search?q=%c9%b5
long rounded close-mid central vowel	ɵː	ɵː	https://chridd.nfshost.com/diachronica/search?q=%c9%b5%cb%90
unrounded close-mid back vowel	ɤ	ɤ	https://chridd.nfshost.com/diachronica/search?q=%c9%a4
long unrounded close-mid back vowel	ɤː	ɤː	https://chridd.nfshost.com/diachronica/search?q=%c9%a4%cb%90
rounded close-mid back vowel	o	o	https://chridd.nfshost.com/diachronica/search?q=o
long rounded close-mid back vowel	oː	oː	https://chridd.nfshost.com/diachronica/search?q=o%cb%90
rounded close-mid back with_low_tone vowel	ò	ò	https://chridd.nfshost.com/diachronica/search?q=o%cc%80
rounded close-mid back with_high_tone vowel	ó	ó	https://chridd.nfshost.com/diachronica/search?q=o%cc%81
rounded close-mid back with_falling_tone vowel	ô	ô	https://chridd.nfshost.com/diachronica/search?q=o%cc%82
nasalized rounded close-mid back vowel	õ	õ	https://chridd.nfshost.com/diachronica/search?q=o%cc%83
long nasalized rounded close-mid back vowel	õː	õː	https://chridd.nfshost.com/diachronica/search?q=o%cc%83%cb%90
ultra-short rounded close-mid back vowel	ŏ	ŏ	https://chridd.nfshost.com/diachronica/search?q=o%cc%86
non-syllabic rounded close-mid back vowel	o̯	o̯	https://chridd.nfshost.com/diachronica/search?q=o%cc%af
creaky rounded close-mid back vowel	o̰	o̰	https://chridd.nfshost.com/diachronica/search?q=o%cc%b0
unrounded mid central vowel	ə	ə	https://chridd.nfshost.com/diachronica/search?q=%c9%99
long unrounded mid central vowel	əː	əː	https://chridd.nfshost.com/diachronica/search?q=%c9%99%cb%90
unrounded mid central with_high_tone vowel	ə́	ə́	https://chridd.nfshost.com/diachronica/search?q=%c9%99%cc%81
nasalized unrounded mid central vowel	ə̃	ə̃	https://chridd.nfshost.com/diachronica/search?q=%c9%99%cc%83
long nasalized unrounded mid central vowel	ə̃ː	ə̃ː	https://chridd.nfshost.com/diachronica/search?q=%c9%99%cc%83%cb%90
unrounded mid central with_mid_tone vowel	ə̄	ə̄	https://chridd.nfshost.com/diachronica/search?q=%c9%99%cc%84
ultra-short unrounded mid central vowel	ə̆	ə̆	https://chridd.nfshost.com/diachronica/search?q=%c9%99%cc%86
non-syllabic unrounded mid central vowel	ə̯	ə̯	https://chridd.nfshost.com/diachronica/search?q=%c9%99%cc%af
creaky unrounded mid central vowel	ə̰	ə̰	https://chridd.nfshost.com/diachronica/search?q=%c9%99%cc%b0
unrounded open-mid front vowel	ɛ	ɛ	https://chridd.nfshost.com/diachronica/search?q=%c9%9b
long unrounded open-mid front vowel	ɛː	ɛː	https://chridd.nfshost.com/diachronica/search?q=%c9%9b%cb%90
nasalized unrounded open-mid front vowel	ɛ̃	ɛ̃	https://chridd.nfshost.com/diachronica/search?q=%c9%9b%cc%83
long nasalized unrounded open-mid front vowel	ɛ̃ː	ɛ̃ː	https://chridd.nfshost.com/diachronica/search?q=%c9%9b%cc%83%cb%90
rounded open-mid front vowel	œ	œ	https://chridd.nfshost.com/diachronica/search?q=%c5%93
long rounded open-mid front vowel	œː	œː	https://chridd.nfshost.com/diachronica/search?q=%c5%93%cb%90
nasalized rounded open-mid front vowel	œ̃	œ̃	https://chridd.nfshost.com/diachronica/search?q=%c5%93%cc%83
unrounded open-mid central vowel	ɜ	ɜ	https://chridd.nfshost.com/diachronica/search?q=%c9%9c
long unrounded open-mid central vowel	ɜː	ɜː	https://chridd.nfshost.com/diachronica/search?q=%c9%9c%cb%90
unrounded open-mid back vowel	ʌ	ʌ	https://chridd.nfshost.com/diachronica/search?q=%ca%8c
nasalized unrounded open-mid back vowel	ʌ̃	ʌ̃	https://chridd.nfshost.com/diachronica/search?q=%ca%8c%cc%83
long nasalized unrounded open-mid back vowel	ʌ̃ː	ʌ̃ː	https://chridd.nfshost.com/diachronica/search?q=%ca%8c%cc%83%cb%90
rounded open-mid back vowel	ɔ	ɔ	https://chridd.nfshost.com/diachronica/search?q=%c9%94
long rounded open-mid back vowel	ɔː	ɔː	https://chridd.nfshost.com/diachronica/search?q=%c9%94%cb%90
nasalized rounded open-mid back vowel	ɔ̃	ɔ̃	https://chridd.nfshost.com/diachronica/search?q=%c9%94%cc%83
long nasalized rounded open-mid back vowel	ɔ̃ː	ɔ̃ː	https://chridd.nfshost.com/diachronica/search?q=%c9%94%cc%83%cb%90
non-syllabic rounded open-mid back vowel	ɔ̯	ɔ̯	https://chridd.nfshost.com/diachronica/search?q=%c9%94%cc%af
creaky rounded open-mid back vowel	ɔ̰	ɔ̰	https://chridd.nfshost.com/diachronica/search?q=%c9%94%cc%b0
unrounded near-open front vowel	æ	æ	https://chridd.nfshost.com/diachronica/search?q=%c3%a6
long unrounded near-open front vowel	æː	æː	https://chridd.nfshost.com/diachronica/search?q=%c3%a6%cb%90
nasalized unrounded near-open front vowel	æ̃	æ̃	https://chridd.nfshost.com/diachronica/search?q=%c3%a6%cc%83
ultra-short unrounded near-open front vowel	æ̆	æ̆	https://chridd.nfshost.com/diachronica/search?q=%c3%a6%cc%86
unrounded near-open central vowel	ɐ	ɐ	https://chridd.nfshost.com/diachronica/search?q=%c9%90
unrounded open front vowel	a	a	https://chridd.nfshost.com/diachronica/search?q=a
long unrounded open front vowel	aː	aː	https://chridd.nfshost.com/diachronica/search?q=a%cb%90
nasalized unrounded open front vowel	ã	ã	https://chridd.nfshost.com/diachronica/search?q=a%cc%83
long nasalized unrounded open front vowel	ãː	ãː	https://chridd.nfshost.com/diachronica/search?q=a%cc%83%cb%90
unrounded open front with_mid_tone vowel	ā	ā	https://chridd.nfshost.com/diachronica/search?q=a%cc%84
ultra-short unrounded open front vowel	ă	ă	https://chridd.nfshost.com/diachronica/search?q=a%cc%86
non-syllabic unrounded open front vowel	a̯	a̯	https://chridd.nfshost.com/diachronica/search?q=a%cc%af
creaky unrounded open front vowel	a̰	a̰	https://chridd.nfshost.com/diachronica/search?q=a%cc%b0
unrounded open back vowel	ɑ	ɑ	https://chridd.nfshost.com/diachronica/search?q=%c9%91
long unrounded open back vowel	ɑː	ɑː	https://chridd.nfshost.com/diachronica/search?q=%c9%91%cb%90
unrounded open back with_high_tone vowel	ɑ́	ɑ́	https://chridd.nfshost.com/diachronica/search?q=%c9%91%cc%81
nasalized unrounded open back vowel	ɑ̃	ɑ̃	https://chridd.nfshost.com/diachronica/search?q=%c9%91%cc%83
long nasalized unrounded open back vowel	ɑ̃ː	ɑ̃ː	https://chridd.nfshost.com/diachronica/search?q=%c9%91%cc%83%cb%90
unrounded open back with_mid_tone vowel	ɑ̄	ɑ̄	https://chridd.nfshost.com/diachronica/search?q=%c9%91%cc%84
rounded open back vowel	ɒ	ɒ	https://chridd.nfshost.com/diachronica/search?q=%c9%92
long rounded open back vowel	ɒː	ɒː	https://chridd.nfshost.com/diachronica/search?q=%c9%92%cb%90
voiceless bilabial stop consonant	p	◌͜p	https://chridd.nfshost.com/diachronica/search?q=%cd%9cp
voiceless alveolar sibilant fricative consonant	s	◌͜s	https://chridd.nfshost.com/diachronica/search?q=%cd%9cs
voiced alveolar sibilant fricative consonant	z	◌͜z	https://chridd.nfshost.com/diachronica/search?q=%cd%9cz
voiceless uvular fricative consonant	χ	◌͡χ	https://chridd.nfshost.com/diachronica/search?q=%cd%a1%cf%87
short from-low tone	¹	1	https://chridd.nfshost.com/diachronica/search?q=1
short from-mid-low tone	²	2	https://chridd.nfshost.com/diachronica/search?q=2
short from-mid tone	³	3	https://chridd.nfshost.com/diachronica/search?q=3
short from-mid-high tone	⁴	4	https://chridd.nfshost.com/diachronica/search?q=4
short from-high tone	⁵	5	https://chridd.nfshost.com/diachronica/search?q=5
voiced alveolo-palatal nasal consonant	ȵ	ȵ	https://chridd.nfshost.com/diachronica/search?q=%c8%b5
rhotacized unrounded mid central vowel	ə˞	ɚ	https://chridd.nfshost.com/diachronica/search?q=%c9%9a
unrounded close with-frication back vowel	ɿ	ɿ	https://chridd.nfshost.com/diachronica/search?q=%c9%bf
unrounded close with-frication central vowel	ʅ	ʅ	https://chridd.nfshost.com/diachronica/search?q=%ca%85
