CLTS_NAME	BIPA_GRAPHEME	PBASE_URL	PBASE_GRAPHEME
voiced alveolar sibilant-affricate consonant	dz	http://pbase.phon.chass.ncsu.edu/visualize?lang=True&input=dz&inany=false&coreinv=on	dz
aspirated voiced alveolar sibilant-affricate consonant	dzʰ	http://pbase.phon.chass.ncsu.edu/visualize?lang=True&input=dzʰ&inany=false&coreinv=on	dzʰ
labialized voiced alveolar sibilant-affricate consonant	dzʷ	http://pbase.phon.chass.ncsu.edu/visualize?lang=True&input=dzʷ&inany=false&coreinv=on	dzʷ
palatalized voiced alveolar sibilant-affricate consonant	dzʲ	http://pbase.phon.chass.ncsu.edu/visualize?lang=True&input=dzʲ&inany=false&coreinv=on	dzʲ
voiceless alveolar sibilant-affricate consonant	ts	http://pbase.phon.chass.ncsu.edu/visualize?lang=True&input=ts&inany=false&coreinv=on	ts
aspirated voiceless alveolar sibilant-affricate consonant	tsʰ	http://pbase.phon.chass.ncsu.edu/visualize?lang=True&input=tsʰ&inany=false&coreinv=on	tsʰ
labialized aspirated voiceless alveolar sibilant-affricate consonant	tsʰʷ	http://pbase.phon.chass.ncsu.edu/visualize?lang=True&input=tsʰʷ&inany=false&coreinv=on	tsʰʷ
labialized voiceless alveolar sibilant-affricate consonant	tsʷ	http://pbase.phon.chass.ncsu.edu/visualize?lang=True&input=tsʷ&inany=false&coreinv=on	tsʷ
voiceless alveolar ejective sibilant-affricate consonant	tsʼ	http://pbase.phon.chass.ncsu.edu/visualize?lang=True&input=tsʼ&inany=false&coreinv=on	tsʼ
voiceless alveolar ejective sibilant-affricate consonant	tsʼ	http://pbase.phon.chass.ncsu.edu/visualize?lang=True&input=tsʼ&inany=false&coreinv=on	tsʼ
labialized voiceless alveolar ejective sibilant-affricate consonant	tsʼʷ	http://pbase.phon.chass.ncsu.edu/visualize?lang=True&input=tsʼʷ&inany=false&coreinv=on	tsʼʷ
labialized voiceless alveolar ejective sibilant-affricate consonant	tsʼʷ	http://pbase.phon.chass.ncsu.edu/visualize?lang=True&input=tsʼʷ&inany=false&coreinv=on	tsʼʷ
palatalized voiceless alveolar sibilant-affricate consonant	tsʲ	http://pbase.phon.chass.ncsu.edu/visualize?lang=True&input=tsʲ&inany=false&coreinv=on	tsʲ
voiced dental affricate consonant	dð	http://pbase.phon.chass.ncsu.edu/visualize?lang=True&input=dð&inany=false&coreinv=on	dð
voiceless alveolar affricate consonant	tθ	http://pbase.phon.chass.ncsu.edu/visualize?lang=True&input=tθ&inany=false&coreinv=on	tθ
voiced retroflex sibilant-affricate consonant	ɖʐ	http://pbase.phon.chass.ncsu.edu/visualize?lang=True&input=dʐ&inany=false&coreinv=on	dʐ
voiceless retroflex sibilant-affricate consonant	ʈʂ	http://pbase.phon.chass.ncsu.edu/visualize?lang=True&input=tʂ&inany=false&coreinv=on	tʂ
voiced alveolo-palatal sibilant-affricate consonant	dʑ	http://pbase.phon.chass.ncsu.edu/visualize?lang=True&input=dʑ&inany=false&coreinv=on	dʑ
voiceless alveolo-palatal sibilant-affricate consonant	tɕ	http://pbase.phon.chass.ncsu.edu/visualize?lang=True&input=tɕ&inany=false&coreinv=on	tɕ
aspirated voiceless alveolo-palatal sibilant-affricate consonant	tɕʰ	http://pbase.phon.chass.ncsu.edu/visualize?lang=True&input=tɕʰ&inany=false&coreinv=on	tɕʰ
long voiceless postalveolar sibilant-affricate consonant	tːʃ	http://pbase.phon.chass.ncsu.edu/visualize?lang=True&input=tːʃ&inany=false&coreinv=on	tːʃ
voiceless bilabial affricate consonant	pɸ	http://pbase.phon.chass.ncsu.edu/visualize?lang=True&input=pɸ&inany=false&coreinv=on	pɸ
voiced dental sibilant-affricate consonant	d̪z̪	http://pbase.phon.chass.ncsu.edu/visualize?lang=True&input=d̪z̪&inany=false&coreinv=on	d̪z̪
labialized voiced dental sibilant-affricate consonant	d̪z̪ʷ	http://pbase.phon.chass.ncsu.edu/visualize?lang=True&input=d̪z̪ʷ&inany=false&coreinv=on	d̪z̪ʷ
palatalized voiced dental sibilant-affricate consonant	d̪z̪ʲ	http://pbase.phon.chass.ncsu.edu/visualize?lang=True&input=d̪z̪ʲ&inany=false&coreinv=on	d̪z̪ʲ
voiceless dental sibilant-affricate consonant	t̪s̪	http://pbase.phon.chass.ncsu.edu/visualize?lang=True&input=t̪s̪&inany=false&coreinv=on	t̪s̪
long voiceless dental sibilant-affricate consonant	t̪ːs̪	http://pbase.phon.chass.ncsu.edu/visualize?lang=True&input=t̪s̪ː&inany=false&coreinv=on	t̪s̪ː
aspirated voiceless dental affricate consonant	t̪s̪ʰ	http://pbase.phon.chass.ncsu.edu/visualize?lang=True&input=t̪s̪ʰ&inany=false&coreinv=on	t̪s̪ʰ
labialized aspirated voiceless dental affricate consonant	t̪s̪ʰʷ	http://pbase.phon.chass.ncsu.edu/visualize?lang=True&input=t̪s̪ʰʷ&inany=false&coreinv=on	t̪s̪ʰʷ
voiceless dental ejective sibilant-affricate consonant	t̪s̪ʼ	http://pbase.phon.chass.ncsu.edu/visualize?lang=True&input=t̪s̪ʼ&inany=false&coreinv=on	t̪s̪ʼ
voiceless dental ejective sibilant-affricate consonant	t̪s̪ʼ	http://pbase.phon.chass.ncsu.edu/visualize?lang=True&input=t̪s̪ʼ&inany=false&coreinv=on	t̪s̪ʼ
voiced dental affricate consonant	dð	http://pbase.phon.chass.ncsu.edu/visualize?lang=True&input=d̪ð&inany=false&coreinv=on	d̪ð
voiceless dental affricate consonant	t̪θ	http://pbase.phon.chass.ncsu.edu/visualize?lang=True&input=t̪θ&inany=false&coreinv=on	t̪θ
voiced labio-dental affricate consonant	bv	http://pbase.phon.chass.ncsu.edu/visualize?lang=True&input=bv&inany=false&coreinv=on	bv
voiceless labio-dental affricate consonant	pf	http://pbase.phon.chass.ncsu.edu/visualize?lang=True&input=pf&inany=false&coreinv=on	pf
aspirated voiceless labio-dental affricate consonant	pfʰ	http://pbase.phon.chass.ncsu.edu/visualize?lang=True&input=pfʰ&inany=false&coreinv=on	pfʰ
voiceless alveolar lateral-affricate consonant	tɬ	http://pbase.phon.chass.ncsu.edu/visualize?lang=True&input=tɬ&inany=false&coreinv=on	tɬ
aspirated voiceless alveolar lateral-affricate consonant	tɬʰ	http://pbase.phon.chass.ncsu.edu/visualize?lang=True&input=tɬʰ&inany=false&coreinv=on	tɬʰ
voiceless palatal affricate consonant	cç	http://pbase.phon.chass.ncsu.edu/visualize?lang=True&input=cç&inany=false&coreinv=on	cç
voiced palatal affricate consonant	ɟʝ	http://pbase.phon.chass.ncsu.edu/visualize?lang=True&input=ɟʝ&inany=false&coreinv=on	ɟʝ
pre-nasalized voiced postalveolar affricate consonant	ⁿdʒ	http://pbase.phon.chass.ncsu.edu/visualize?lang=True&input=ⁿdʒ&inany=false&coreinv=on	ⁿdʒ
pre-nasalized voiced postalveolar affricate consonant	ⁿdʒ	http://pbase.phon.chass.ncsu.edu/visualize?lang=True&input=ⁿdʒ&inany=false&coreinv=on	ⁿdʒ
pre-nasalized voiceless postalveolar sibilant-affricate consonant	ⁿtʃ	http://pbase.phon.chass.ncsu.edu/visualize?lang=True&input=ⁿtʃ&inany=false&coreinv=on	ⁿtʃ
pre-nasalized labialized aspirated voiceless postalveolar sibilant-affricate consonant	ⁿtʃʰʷ	http://pbase.phon.chass.ncsu.edu/visualize?lang=True&input=ⁿtʃʰʷ&inany=false&coreinv=on	ⁿtʃʰʷ
pre-nasalized labialized voiceless postalveolar sibilant-affricate consonant	ⁿtʃʷ	http://pbase.phon.chass.ncsu.edu/visualize?lang=True&input=ⁿtʃʷ&inany=false&coreinv=on	ⁿtʃʷ
voiced postalveolar sibilant-affricate consonant	dʒ	http://pbase.phon.chass.ncsu.edu/visualize?lang=True&input=dʒ&inany=false&coreinv=on	dʒ
aspirated voiced postalveolar sibilant-affricate consonant	dʒʰ	http://pbase.phon.chass.ncsu.edu/visualize?lang=True&input=dʒʰ&inany=false&coreinv=on	dʒʰ
labialized voiced postalveolar sibilant-affricate consonant	dʒʷ	http://pbase.phon.chass.ncsu.edu/visualize?lang=True&input=dʒʷ&inany=false&coreinv=on	dʒʷ
palatalized voiced postalveolar sibilant-affricate consonant	dʒʲ	http://pbase.phon.chass.ncsu.edu/visualize?lang=True&input=dʒʲ&inany=false&coreinv=on	dʒʲ
long voiced postalveolar sibilant-affricate consonant	dːʒ	http://pbase.phon.chass.ncsu.edu/visualize?lang=True&input=dːʒ&inany=false&coreinv=on	dːʒ
voiceless postalveolar sibilant-affricate consonant	tʃ	http://pbase.phon.chass.ncsu.edu/visualize?lang=True&input=tʃ&inany=false&coreinv=on	tʃ
pharyngealized voiceless postalveolar sibilant-affricate consonant	tʃˤ	http://pbase.phon.chass.ncsu.edu/visualize?lang=True&input=tʃˤ&inany=false&coreinv=on	tʃˤ
aspirated voiceless postalveolar sibilant-affricate consonant	tʃʰ	http://pbase.phon.chass.ncsu.edu/visualize?lang=True&input=tʃʰ&inany=false&coreinv=on	tʃʰ
labialized aspirated voiceless postalveolar sibilant-affricate consonant	tʃʰʷ	http://pbase.phon.chass.ncsu.edu/visualize?lang=True&input=tʃʰʷ&inany=false&coreinv=on	tʃʰʷ
labialized voiceless postalveolar sibilant-affricate consonant	tʃʷ	http://pbase.phon.chass.ncsu.edu/visualize?lang=True&input=tʃʷ&inany=false&coreinv=on	tʃʷ
voiceless postalveolar ejective sibilant-affricate consonant	tʃʼ	http://pbase.phon.chass.ncsu.edu/visualize?lang=True&input=tʃʼ&inany=false&coreinv=on	tʃʼ
voiceless postalveolar ejective sibilant-affricate consonant	tʃʼ	http://pbase.phon.chass.ncsu.edu/visualize?lang=True&input=tʃʼ&inany=false&coreinv=on	tʃʼ
palatalized voiceless postalveolar sibilant-affricate consonant	tʃʲ	http://pbase.phon.chass.ncsu.edu/visualize?lang=True&input=tʃʲ&inany=false&coreinv=on	tʃʲ
voiceless retroflex sibilant-affricate consonant	ʈʂ	http://pbase.phon.chass.ncsu.edu/visualize?lang=True&input=ʈʂ&inany=false&coreinv=on	ʈʂ
aspirated voiceless retroflex sibilant-affricate consonant	ʈʂʰ	http://pbase.phon.chass.ncsu.edu/visualize?lang=True&input=ʈʂʰ&inany=false&coreinv=on	ʈʂʰ
voiced retroflex sibilant-affricate consonant	ɖʐ	http://pbase.phon.chass.ncsu.edu/visualize?lang=True&input=ɖʐ&inany=false&coreinv=on	ɖʐ
voiceless uvular affricate consonant	qχ	http://pbase.phon.chass.ncsu.edu/visualize?lang=True&input=qχ&inany=false&coreinv=on	qχ
aspirated voiceless velar affricate consonant	kxʰ	http://pbase.phon.chass.ncsu.edu/visualize?lang=True&input=kxʰ&inany=false&coreinv=on	kxʰ
voiced alveolar approximant consonant	ɹ	http://pbase.phon.chass.ncsu.edu/visualize?lang=True&input=ɹ&inany=false&coreinv=on	ɹ
voiced alveolar approximant consonant	ɹ	http://pbase.phon.chass.ncsu.edu/visualize?lang=True&input=ɹ&inany=false&coreinv=on	ɹ
long voiced alveolar approximant consonant	ɹː	http://pbase.phon.chass.ncsu.edu/visualize?lang=True&input=ɹː&inany=false&coreinv=on	ɹː
voiced labio-dental approximant consonant	ʋ	http://pbase.phon.chass.ncsu.edu/visualize?lang=True&input=ʋ&inany=false&coreinv=on	ʋ
aspirated voiced labio-dental approximant consonant	ʋʰ	http://pbase.phon.chass.ncsu.edu/visualize?lang=True&input=ʋʰ&inany=false&coreinv=on	ʋʰ
palatalized voiced labio-dental approximant consonant	ʋʲ	http://pbase.phon.chass.ncsu.edu/visualize?lang=True&input=ʋʲ&inany=false&coreinv=on	ʋʲ
nasalized voiced labio-dental approximant consonant	ʋ̃	http://pbase.phon.chass.ncsu.edu/visualize?lang=True&input=ʋ̃&inany=false&coreinv=on	ʋ̃
voiced labialized-palatal approximant consonant	ɥ	http://pbase.phon.chass.ncsu.edu/visualize?lang=True&input=ɥ&inany=false&coreinv=on	ɥ
voiceless labiovelar fricative consonant	ʍ	http://pbase.phon.chass.ncsu.edu/visualize?lang=True&input=ʍ&inany=false&coreinv=on	ʍ
voiced labialized-velar approximant consonant	w	http://pbase.phon.chass.ncsu.edu/visualize?lang=True&input=w&inany=false&coreinv=on	w
long voiced labialized-velar approximant consonant	wː	http://pbase.phon.chass.ncsu.edu/visualize?lang=True&input=wː&inany=false&coreinv=on	wː
pharyngealized voiced labialized-velar approximant consonant	wˤ	http://pbase.phon.chass.ncsu.edu/visualize?lang=True&input=wˤ&inany=false&coreinv=on	wˤ
aspirated voiced labialized-velar approximant consonant	wʰ	http://pbase.phon.chass.ncsu.edu/visualize?lang=True&input=wʰ&inany=false&coreinv=on	wʰ
palatalized voiced labialized-velar approximant consonant	wʲ	http://pbase.phon.chass.ncsu.edu/visualize?lang=True&input=wʲ&inany=false&coreinv=on	wʲ
nasalized voiced labialized-velar approximant consonant	w̃	http://pbase.phon.chass.ncsu.edu/visualize?lang=True&input=w̃&inany=false&coreinv=on	w̃
voiced palatal approximant consonant	j	http://pbase.phon.chass.ncsu.edu/visualize?lang=True&input=j&inany=false&coreinv=on	j
long voiced palatal approximant consonant	jː	http://pbase.phon.chass.ncsu.edu/visualize?lang=True&input=jː&inany=false&coreinv=on	jː
aspirated voiced palatal approximant consonant	jʰ	http://pbase.phon.chass.ncsu.edu/visualize?lang=True&input=jʰ&inany=false&coreinv=on	jʰ
labialized voiced palatal approximant consonant	jʷ	http://pbase.phon.chass.ncsu.edu/visualize?lang=True&input=jʷ&inany=false&coreinv=on	jʷ
nasalized voiced palatal approximant consonant	j̃	http://pbase.phon.chass.ncsu.edu/visualize?lang=True&input=j̃&inany=false&coreinv=on	j̃
voiced retroflex approximant consonant	ɻ	http://pbase.phon.chass.ncsu.edu/visualize?lang=True&input=ɻ&inany=false&coreinv=on	ɻ
voiced velar approximant consonant	ɰ	http://pbase.phon.chass.ncsu.edu/visualize?lang=True&input=ɰ&inany=false&coreinv=on	ɰ
voiced velar approximant consonant	ɰ	http://pbase.phon.chass.ncsu.edu/visualize?lang=True&input=ɰ&inany=false&coreinv=on	ɰ
voiceless alveolar stop-segment click	ǃ	http://pbase.phon.chass.ncsu.edu/visualize?lang=True&input=ǃ&inany=false&coreinv=on	ǃ
voiceless alveolar stop-cluster glottal click	ǃʔ	http://pbase.phon.chass.ncsu.edu/visualize?lang=True&input=ǃʔ&inany=false&coreinv=on	ǃʔ
voiceless alveolar stop-cluster uvular-plosive click	ǃq	http://pbase.phon.chass.ncsu.edu/visualize?lang=True&input=ǃq&inany=false&coreinv=on	ǃq
voiceless alveolar stop-cluster uvular-aspirated-plosive click	ǃqʰ	http://pbase.phon.chass.ncsu.edu/visualize?lang=True&input=ǃqʰ&inany=false&coreinv=on	ǃqʰ
voiced alveolar stop-segment click	gǃ	http://pbase.phon.chass.ncsu.edu/visualize?lang=True&input=ɡǃ&inany=false&coreinv=on	ɡǃ
voiced alveolar stop-segment click	gǃ	http://pbase.phon.chass.ncsu.edu/visualize?lang=True&input=ɡǃ&inany=false&coreinv=on	ɡǃ
voiced labial stop-segment click	gʘ	http://pbase.phon.chass.ncsu.edu/visualize?lang=True&input=ɡʘ&inany=false&coreinv=on	ɡʘ
voiceless labial stop-segment click	ʘ	http://pbase.phon.chass.ncsu.edu/visualize?lang=True&input=ʘ&inany=false&coreinv=on	ʘ
voiceless labial stop-cluster glottal click	ʘʔ	http://pbase.phon.chass.ncsu.edu/visualize?lang=True&input=ʘʔ&inany=false&coreinv=on	ʘʔ
voiceless labial stop-cluster uvular-plosive click	ʘq	http://pbase.phon.chass.ncsu.edu/visualize?lang=True&input=ʘq&inany=false&coreinv=on	ʘq
voiceless labial stop-cluster uvular-aspirated-plosive click	ʘqʰ	http://pbase.phon.chass.ncsu.edu/visualize?lang=True&input=ʘqʰ&inany=false&coreinv=on	ʘqʰ
voiceless dental stop-segment click	ǀ	http://pbase.phon.chass.ncsu.edu/visualize?lang=True&input=ǀ&inany=false&coreinv=on	ǀ
voiceless dental stop-segment click	ǀ	http://pbase.phon.chass.ncsu.edu/visualize?lang=True&input=ǀ&inany=false&coreinv=on	ǀ
voiceless dental stop-cluster glottal click	ǀʔ	http://pbase.phon.chass.ncsu.edu/visualize?lang=True&input=ǀʔ&inany=false&coreinv=on	ǀʔ
voiceless dental stop-cluster uvular-plosive click	ǀq	http://pbase.phon.chass.ncsu.edu/visualize?lang=True&input=ǀq&inany=false&coreinv=on	ǀq
voiceless dental stop-cluster uvular-aspirated-plosive click	ǀqʰ	http://pbase.phon.chass.ncsu.edu/visualize?lang=True&input=ǀqʰ&inany=false&coreinv=on	ǀqʰ
voiced dental stop-segment click	gǀ	http://pbase.phon.chass.ncsu.edu/visualize?lang=True&input=ɡǀ&inany=false&coreinv=on	ɡǀ
voiced dental stop-segment click	gǀ	http://pbase.phon.chass.ncsu.edu/visualize?lang=True&input=ɡǀ&inany=false&coreinv=on	ɡǀ
voiceless lateral stop-segment click	ǁ	http://pbase.phon.chass.ncsu.edu/visualize?lang=True&input=ǁ&inany=false&coreinv=on	ǁ
voiceless lateral stop-segment click	ǁ	http://pbase.phon.chass.ncsu.edu/visualize?lang=True&input=ǁ&inany=false&coreinv=on	ǁ
voiceless lateral stop-cluster glottal click	ǁʔ	http://pbase.phon.chass.ncsu.edu/visualize?lang=True&input=ǁʔ&inany=false&coreinv=on	ǁʔ
voiceless lateral stop-cluster uvular-plosive click	ǁq	http://pbase.phon.chass.ncsu.edu/visualize?lang=True&input=ǁq&inany=false&coreinv=on	ǁq
voiceless lateral stop-cluster uvular-aspirated-plosive click	ǁqʰ	http://pbase.phon.chass.ncsu.edu/visualize?lang=True&input=ǁqʰ&inany=false&coreinv=on	ǁqʰ
voiced lateral stop-segment click	gǁ	http://pbase.phon.chass.ncsu.edu/visualize?lang=True&input=ɡǁ&inany=false&coreinv=on	ɡǁ
voiced lateral stop-segment click	gǁ	http://pbase.phon.chass.ncsu.edu/visualize?lang=True&input=ɡǁ&inany=false&coreinv=on	ɡǁ
voiceless palatal stop-segment click	ǂ	http://pbase.phon.chass.ncsu.edu/visualize?lang=True&input=ǂ&inany=false&coreinv=on	ǂ
voiceless palatal stop-cluster glottal click	ǂʔ	http://pbase.phon.chass.ncsu.edu/visualize?lang=True&input=ǂʔ&inany=false&coreinv=on	ǂʔ
voiceless palatal stop-cluster uvular-plosive click	ǂq	http://pbase.phon.chass.ncsu.edu/visualize?lang=True&input=ǂq&inany=false&coreinv=on	ǂq
voiceless palatal stop-cluster uvular-aspirated-plosive click	ǂqʰ	http://pbase.phon.chass.ncsu.edu/visualize?lang=True&input=ǂqʰ&inany=false&coreinv=on	ǂqʰ
voiced palatal stop-segment click	gǂ	http://pbase.phon.chass.ncsu.edu/visualize?lang=True&input=ɡǂ&inany=false&coreinv=on	ɡǂ
voiced palatal stop-segment click	gǂ	http://pbase.phon.chass.ncsu.edu/visualize?lang=True&input=ɡǂ&inany=false&coreinv=on	ɡǂ
voiceless alveolar ejective stop consonant	tʼ	http://pbase.phon.chass.ncsu.edu/visualize?lang=True&input=t'&inany=false&coreinv=on	t'
voiceless alveolar ejective stop consonant	tʼ	http://pbase.phon.chass.ncsu.edu/visualize?lang=True&input=tʼ&inany=false&coreinv=on	tʼ
voiceless alveolar ejective stop consonant	tʼ	http://pbase.phon.chass.ncsu.edu/visualize?lang=True&input=tʼ&inany=false&coreinv=on	tʼ
labialized voiceless alveolar ejective stop consonant	tʼʷ	http://pbase.phon.chass.ncsu.edu/visualize?lang=True&input=tʼʷ&inany=false&coreinv=on	tʼʷ
labialized voiceless alveolar ejective stop consonant	tʼʷ	http://pbase.phon.chass.ncsu.edu/visualize?lang=True&input=tʼʷ&inany=false&coreinv=on	tʼʷ
voiceless bilabial ejective stop consonant	pʼ	http://pbase.phon.chass.ncsu.edu/visualize?lang=True&input=pʼ&inany=false&coreinv=on	pʼ
voiceless bilabial ejective stop consonant	pʼ	http://pbase.phon.chass.ncsu.edu/visualize?lang=True&input=pʼ&inany=false&coreinv=on	pʼ
pharyngealized voiceless bilabial ejective stop consonant	pʼˤ	http://pbase.phon.chass.ncsu.edu/visualize?lang=True&input=pʼˤ&inany=false&coreinv=on	pʼˤ
pharyngealized voiceless bilabial ejective stop consonant	pʼˤ	http://pbase.phon.chass.ncsu.edu/visualize?lang=True&input=pʼˤ&inany=false&coreinv=on	pʼˤ
voiceless dental ejective stop consonant	t̪ʼ	http://pbase.phon.chass.ncsu.edu/visualize?lang=True&input=t̪ʼ&inany=false&coreinv=on	t̪ʼ
voiceless dental ejective stop consonant	t̪ʼ	http://pbase.phon.chass.ncsu.edu/visualize?lang=True&input=t̪ʼ&inany=false&coreinv=on	t̪ʼ
voiceless palatal ejective stop consonant	cʼ	http://pbase.phon.chass.ncsu.edu/visualize?lang=True&input=cʼ&inany=false&coreinv=on	cʼ
voiceless palatal ejective stop consonant	cʼ	http://pbase.phon.chass.ncsu.edu/visualize?lang=True&input=cʼ&inany=false&coreinv=on	cʼ
voiceless uvular ejective stop consonant	qʼ	http://pbase.phon.chass.ncsu.edu/visualize?lang=True&input=qʼ&inany=false&coreinv=on	qʼ
voiceless uvular ejective stop consonant	qʼ	http://pbase.phon.chass.ncsu.edu/visualize?lang=True&input=qʼ&inany=false&coreinv=on	qʼ
pharyngealized voiceless uvular ejective stop consonant	qʼˤ	http://pbase.phon.chass.ncsu.edu/visualize?lang=True&input=qʼˤ&inany=false&coreinv=on	qʼˤ
pharyngealized voiceless uvular ejective stop consonant	qʼˤ	http://pbase.phon.chass.ncsu.edu/visualize?lang=True&input=qʼˤ&inany=false&coreinv=on	qʼˤ
labialized voiceless uvular ejective stop consonant	qʼʷ	http://pbase.phon.chass.ncsu.edu/visualize?lang=True&input=qʼʷ&inany=false&coreinv=on	qʼʷ
labialized voiceless uvular ejective stop consonant	qʼʷ	http://pbase.phon.chass.ncsu.edu/visualize?lang=True&input=qʼʷ&inany=false&coreinv=on	qʼʷ
palatalized voiceless uvular ejective stop consonant	qʼʲ	http://pbase.phon.chass.ncsu.edu/visualize?lang=True&input=qʼʲ&inany=false&coreinv=on	qʼʲ
palatalized voiceless uvular ejective stop consonant	qʼʲ	http://pbase.phon.chass.ncsu.edu/visualize?lang=True&input=qʼʲ&inany=false&coreinv=on	qʼʲ
voiceless velar ejective stop consonant	kʼ	http://pbase.phon.chass.ncsu.edu/visualize?lang=True&input=kʼ&inany=false&coreinv=on	kʼ
voiceless velar ejective stop consonant	kʼ	http://pbase.phon.chass.ncsu.edu/visualize?lang=True&input=kʼ&inany=false&coreinv=on	kʼ
labialized voiceless velar ejective stop consonant	kʼʷ	http://pbase.phon.chass.ncsu.edu/visualize?lang=True&input=kʼʷ&inany=false&coreinv=on	kʼʷ
labialized voiceless velar ejective stop consonant	kʼʷ	http://pbase.phon.chass.ncsu.edu/visualize?lang=True&input=kʼʷ&inany=false&coreinv=on	kʼʷ
palatalized voiceless velar ejective stop consonant	kʼʲ	http://pbase.phon.chass.ncsu.edu/visualize?lang=True&input=kʼʲ&inany=false&coreinv=on	kʼʲ
palatalized voiceless velar ejective stop consonant	kʼʲ	http://pbase.phon.chass.ncsu.edu/visualize?lang=True&input=kʼʲ&inany=false&coreinv=on	kʼʲ
devoiced voiced alveolar tap consonant	ɾ	http://pbase.phon.chass.ncsu.edu/visualize?lang=True&input=ɾ&inany=false&coreinv=on	ɾ
pharyngealized devoiced voiced alveolar tap consonant	ɾˤ	http://pbase.phon.chass.ncsu.edu/visualize?lang=True&input=ɾˤ&inany=false&coreinv=on	ɾˤ
palatalized devoiced voiced alveolar tap consonant	ɾʲ	http://pbase.phon.chass.ncsu.edu/visualize?lang=True&input=ɾʲ&inany=false&coreinv=on	ɾʲ
nasalized devoiced voiced alveolar tap consonant	ɾ̃	http://pbase.phon.chass.ncsu.edu/visualize?lang=True&input=ɾ̃&inany=false&coreinv=on	ɾ̃
with-lateral-release devoiced voiced alveolar tap consonant	ɾˡ	http://pbase.phon.chass.ncsu.edu/visualize?lang=True&input=ɾˡ&inany=false&coreinv=on	ɾˡ
voiced alveolar lateral-flap consonant	ɺ	http://pbase.phon.chass.ncsu.edu/visualize?lang=True&input=ɺ&inany=false&coreinv=on	ɺ
voiced retroflex flap consonant	ɽ	http://pbase.phon.chass.ncsu.edu/visualize?lang=True&input=ɽ&inany=false&coreinv=on	ɽ
aspirated voiced retroflex flap consonant	ɽʰ	http://pbase.phon.chass.ncsu.edu/visualize?lang=True&input=ɽʰ&inany=false&coreinv=on	ɽʰ
aspirated voiced retroflex flap consonant	ɽʰ	http://pbase.phon.chass.ncsu.edu/visualize?lang=True&input=ɽʰ&inany=false&coreinv=on	ɽʰ
pre-nasalized voiceless alveolar sibilant-fricative consonant	ⁿs	http://pbase.phon.chass.ncsu.edu/visualize?lang=True&input=ⁿs&inany=false&coreinv=on	ⁿs
pre-nasalized voiced alveolar sibilant-fricative consonant	ⁿz	http://pbase.phon.chass.ncsu.edu/visualize?lang=True&input=ⁿz&inany=false&coreinv=on	ⁿz
labialized voiceless postalveolar ejective sibilant-fricative consonant	ʃʼʷ	http://pbase.phon.chass.ncsu.edu/visualize?lang=True&input=ʃʼʷ&inany=false&coreinv=on	ʃʼʷ
labialized voiceless postalveolar ejective sibilant-fricative consonant	ʃʼʷ	http://pbase.phon.chass.ncsu.edu/visualize?lang=True&input=ʃʼʷ&inany=false&coreinv=on	ʃʼʷ
voiceless alveolar sibilant-fricative consonant	s	http://pbase.phon.chass.ncsu.edu/visualize?lang=True&input=s&inany=false&coreinv=on	s
long voiceless alveolar sibilant-fricative consonant	sː	http://pbase.phon.chass.ncsu.edu/visualize?lang=True&input=sː&inany=false&coreinv=on	sː
velarized voiceless alveolar sibilant-fricative consonant	sˠ	http://pbase.phon.chass.ncsu.edu/visualize?lang=True&input=sˠ&inany=false&coreinv=on	sˠ
pharyngealized voiceless alveolar sibilant-fricative consonant	sˤ	http://pbase.phon.chass.ncsu.edu/visualize?lang=True&input=sˤ&inany=false&coreinv=on	sˤ
pharyngealized voiceless alveolar sibilant-fricative consonant	sˤ	http://pbase.phon.chass.ncsu.edu/visualize?lang=True&input=sˤ&inany=false&coreinv=on	sˤ
aspirated voiceless alveolar sibilant-fricative consonant	sʰ	http://pbase.phon.chass.ncsu.edu/visualize?lang=True&input=sʰ&inany=false&coreinv=on	sʰ
labialized voiceless alveolar sibilant-fricative consonant	sʷ	http://pbase.phon.chass.ncsu.edu/visualize?lang=True&input=sʷ&inany=false&coreinv=on	sʷ
voiceless alveolar ejective sibilant-fricative consonant	sʼ	http://pbase.phon.chass.ncsu.edu/visualize?lang=True&input=sʼ&inany=false&coreinv=on	sʼ
voiceless alveolar ejective sibilant-fricative consonant	sʼ	http://pbase.phon.chass.ncsu.edu/visualize?lang=True&input=sʼ&inany=false&coreinv=on	sʼ
voiceless alveolar ejective sibilant-fricative consonant	sʼ	http://pbase.phon.chass.ncsu.edu/visualize?lang=True&input=sʼ&inany=false&coreinv=on	sʼ
palatalized voiceless alveolar sibilant-fricative consonant	sʲ	http://pbase.phon.chass.ncsu.edu/visualize?lang=True&input=sʲ&inany=false&coreinv=on	sʲ
voiced alveolar sibilant-fricative consonant	z	http://pbase.phon.chass.ncsu.edu/visualize?lang=True&input=z&inany=false&coreinv=on	z
pharyngealized voiced alveolar sibilant-fricative consonant	zˤ	http://pbase.phon.chass.ncsu.edu/visualize?lang=True&input=zˤ&inany=false&coreinv=on	zˤ
pharyngealized voiced alveolar sibilant-fricative consonant	zˤ	http://pbase.phon.chass.ncsu.edu/visualize?lang=True&input=zˤ&inany=false&coreinv=on	zˤ
labialized voiced alveolar sibilant-fricative consonant	zʷ	http://pbase.phon.chass.ncsu.edu/visualize?lang=True&input=zʷ&inany=false&coreinv=on	zʷ
palatalized voiced alveolar sibilant-fricative consonant	zʲ	http://pbase.phon.chass.ncsu.edu/visualize?lang=True&input=zʲ&inany=false&coreinv=on	zʲ
breathy-voiced alveolar sibilant-fricative consonant	z̤	http://pbase.phon.chass.ncsu.edu/visualize?lang=True&input=z̤&inany=false&coreinv=on	z̤
voiced alveolo-palatal sibilant-fricative consonant	ʑ	http://pbase.phon.chass.ncsu.edu/visualize?lang=True&input=ʑ&inany=false&coreinv=on	ʑ
voiceless alveolo-palatal sibilant-fricative consonant	ɕ	http://pbase.phon.chass.ncsu.edu/visualize?lang=True&input=ɕ&inany=false&coreinv=on	ɕ
aspirated voiceless alveolo-palatal sibilant-fricative consonant	ɕʰ	http://pbase.phon.chass.ncsu.edu/visualize?lang=True&input=ɕʰ&inany=false&coreinv=on	ɕʰ
voiceless bilabial fricative consonant	ɸ	http://pbase.phon.chass.ncsu.edu/visualize?lang=True&input=ɸ&inany=false&coreinv=on	ɸ
voiced bilabial fricative consonant	β	http://pbase.phon.chass.ncsu.edu/visualize?lang=True&input=β&inany=false&coreinv=on	β
voiceless dental sibilant-fricative consonant	<?>	http://pbase.phon.chass.ncsu.edu/visualize?lang=True&input=s̪&inany=false&coreinv=on	s̪
long voiceless dental sibilant-fricative consonant	s̪ː	http://pbase.phon.chass.ncsu.edu/visualize?lang=True&input=s̪ː&inany=false&coreinv=on	s̪ː
pharyngealized voiceless dental sibilant-fricative consonant	s̪ˤ	http://pbase.phon.chass.ncsu.edu/visualize?lang=True&input=s̪ˤ&inany=false&coreinv=on	s̪ˤ
pharyngealized voiceless dental sibilant-fricative consonant	s̪ˤ	http://pbase.phon.chass.ncsu.edu/visualize?lang=True&input=s̪ˤ&inany=false&coreinv=on	s̪ˤ
pharyngealized long voiceless dental sibilant-fricative consonant	s̪ˤː	http://pbase.phon.chass.ncsu.edu/visualize?lang=True&input=s̪ˤː&inany=false&coreinv=on	s̪ˤː
voiceless dental ejective sibilant-fricative consonant	s̪ʼ	http://pbase.phon.chass.ncsu.edu/visualize?lang=True&input=s̪ʼ&inany=false&coreinv=on	s̪ʼ
voiceless dental ejective sibilant-fricative consonant	s̪ʼ	http://pbase.phon.chass.ncsu.edu/visualize?lang=True&input=s̪ʼ&inany=false&coreinv=on	s̪ʼ
palatalized voiceless dental sibilant-fricative consonant	s̪ʲ	http://pbase.phon.chass.ncsu.edu/visualize?lang=True&input=s̪ʲ&inany=false&coreinv=on	s̪ʲ
voiced dental sibilant-fricative consonant	z̪	http://pbase.phon.chass.ncsu.edu/visualize?lang=True&input=z̪&inany=false&coreinv=on	z̪
long voiced dental sibilant-fricative consonant	z̪ː	http://pbase.phon.chass.ncsu.edu/visualize?lang=True&input=z̪ː&inany=false&coreinv=on	z̪ː
pharyngealized voiced dental sibilant-fricative consonant	z̪ˤ	http://pbase.phon.chass.ncsu.edu/visualize?lang=True&input=z̪ˤ&inany=false&coreinv=on	z̪ˤ
pharyngealized voiced dental sibilant-fricative consonant	z̪ˤ	http://pbase.phon.chass.ncsu.edu/visualize?lang=True&input=z̪ˤ&inany=false&coreinv=on	z̪ˤ
pharyngealized long voiced dental sibilant-fricative consonant	z̪ˤː	http://pbase.phon.chass.ncsu.edu/visualize?lang=True&input=z̪ˤː&inany=false&coreinv=on	z̪ˤː
palatalized voiced dental sibilant-fricative consonant	z̪ʲ	http://pbase.phon.chass.ncsu.edu/visualize?lang=True&input=z̪ʲ&inany=false&coreinv=on	z̪ʲ
voiced glottal fricative consonant	ɦ	http://pbase.phon.chass.ncsu.edu/visualize?lang=True&input=ɦ&inany=false&coreinv=on	ɦ
labialized voiced glottal fricative consonant	ɦʷ	http://pbase.phon.chass.ncsu.edu/visualize?lang=True&input=ɦʷ&inany=false&coreinv=on	ɦʷ
palatalized voiced glottal fricative consonant	ɦʲ	http://pbase.phon.chass.ncsu.edu/visualize?lang=True&input=ɦʲ&inany=false&coreinv=on	ɦʲ
nasalized voiced glottal fricative consonant	ɦ̃	http://pbase.phon.chass.ncsu.edu/visualize?lang=True&input=ɦ̃&inany=false&coreinv=on	ɦ̃
voiceless glottal fricative consonant	h	http://pbase.phon.chass.ncsu.edu/visualize?lang=True&input=h&inany=false&coreinv=on	h
pharyngealized voiceless glottal fricative consonant	hˤ	http://pbase.phon.chass.ncsu.edu/visualize?lang=True&input=hˤ&inany=false&coreinv=on	hˤ
labialized voiceless glottal fricative consonant	hʷ	http://pbase.phon.chass.ncsu.edu/visualize?lang=True&input=hʷ&inany=false&coreinv=on	hʷ
labialized long voiceless glottal fricative consonant	hʷː	http://pbase.phon.chass.ncsu.edu/visualize?lang=True&input=hʷː&inany=false&coreinv=on	hʷː
palatalized voiceless glottal fricative consonant	hʲ	http://pbase.phon.chass.ncsu.edu/visualize?lang=True&input=hʲ&inany=false&coreinv=on	hʲ
nasalized voiceless glottal fricative consonant	h̃	http://pbase.phon.chass.ncsu.edu/visualize?lang=True&input=h̃&inany=false&coreinv=on	h̃
voiced dental fricative consonant	ð	http://pbase.phon.chass.ncsu.edu/visualize?lang=True&input=ð&inany=false&coreinv=on	ð
velarized voiced dental fricative consonant	ðˠ	http://pbase.phon.chass.ncsu.edu/visualize?lang=True&input=ðˠ&inany=false&coreinv=on	ðˠ
pharyngealized voiced dental fricative consonant	ðˤ	http://pbase.phon.chass.ncsu.edu/visualize?lang=True&input=ðˤ&inany=false&coreinv=on	ðˤ
pharyngealized voiced dental fricative consonant	ðˤ	http://pbase.phon.chass.ncsu.edu/visualize?lang=True&input=ðˤ&inany=false&coreinv=on	ðˤ
palatalized voiced dental fricative consonant	ðʲ	http://pbase.phon.chass.ncsu.edu/visualize?lang=True&input=ðʲ&inany=false&coreinv=on	ðʲ
voiceless dental fricative consonant	θ	http://pbase.phon.chass.ncsu.edu/visualize?lang=True&input=θ&inany=false&coreinv=on	θ
voiceless labio-dental fricative consonant	f	http://pbase.phon.chass.ncsu.edu/visualize?lang=True&input=f&inany=false&coreinv=on	f
long voiceless labio-dental fricative consonant	fː	http://pbase.phon.chass.ncsu.edu/visualize?lang=True&input=fː&inany=false&coreinv=on	fː
long voiceless labio-dental fricative consonant	fː	http://pbase.phon.chass.ncsu.edu/visualize?lang=True&input=fː&inany=false&coreinv=on	fː
with-lateral-release voiceless labio-dental fricative consonant	fˡ	http://pbase.phon.chass.ncsu.edu/visualize?lang=True&input=fˡ&inany=false&coreinv=on	fˡ
pharyngealized voiceless labio-dental fricative consonant	fˤ	http://pbase.phon.chass.ncsu.edu/visualize?lang=True&input=fˤ&inany=false&coreinv=on	fˤ
labialized voiceless labio-dental fricative consonant	fʷ	http://pbase.phon.chass.ncsu.edu/visualize?lang=True&input=fʷ&inany=false&coreinv=on	fʷ
voiceless labio-dental ejective fricative consonant	fʼ	http://pbase.phon.chass.ncsu.edu/visualize?lang=True&input=fʼ&inany=false&coreinv=on	fʼ
voiceless labio-dental ejective fricative consonant	fʼ	http://pbase.phon.chass.ncsu.edu/visualize?lang=True&input=fʼ&inany=false&coreinv=on	fʼ
palatalized voiceless labio-dental fricative consonant	fʲ	http://pbase.phon.chass.ncsu.edu/visualize?lang=True&input=fʲ&inany=false&coreinv=on	fʲ
palatalized voiceless labio-dental fricative consonant	fʲ	http://pbase.phon.chass.ncsu.edu/visualize?lang=True&input=fʲ&inany=false&coreinv=on	fʲ
voiced labio-dental fricative consonant	v	http://pbase.phon.chass.ncsu.edu/visualize?lang=True&input=v&inany=false&coreinv=on	v
with-lateral-release voiced labio-dental fricative consonant	vˡ	http://pbase.phon.chass.ncsu.edu/visualize?lang=True&input=vˡ&inany=false&coreinv=on	vˡ
pharyngealized voiced labio-dental fricative consonant	vˤ	http://pbase.phon.chass.ncsu.edu/visualize?lang=True&input=vˤ&inany=false&coreinv=on	vˤ
aspirated voiced labio-dental fricative consonant	vʰ	http://pbase.phon.chass.ncsu.edu/visualize?lang=True&input=vʰ&inany=false&coreinv=on	vʰ
labialized voiced labio-dental fricative consonant	vʷ	http://pbase.phon.chass.ncsu.edu/visualize?lang=True&input=vʷ&inany=false&coreinv=on	vʷ
palatalized voiced labio-dental fricative consonant	vʲ	http://pbase.phon.chass.ncsu.edu/visualize?lang=True&input=vʲ&inany=false&coreinv=on	vʲ
palatalized voiced labio-dental fricative consonant	vʲ	http://pbase.phon.chass.ncsu.edu/visualize?lang=True&input=vʲ&inany=false&coreinv=on	vʲ
breathy-voiced labio-dental fricative consonant	v̤	http://pbase.phon.chass.ncsu.edu/visualize?lang=True&input=v̤&inany=false&coreinv=on	v̤
devoiced voiced labio-dental fricative consonant	v̥	http://pbase.phon.chass.ncsu.edu/visualize?lang=True&input=v̥&inany=false&coreinv=on	v̥
pre-nasalized voiceless alveolar lateral-fricative consonant	ⁿɬ	http://pbase.phon.chass.ncsu.edu/visualize?lang=True&input=ⁿɬ&inany=false&coreinv=on	ⁿɬ
pre-nasalized voiced alveolar lateral-fricative consonant	ⁿɮ	http://pbase.phon.chass.ncsu.edu/visualize?lang=True&input=ⁿɮ&inany=false&coreinv=on	ⁿɮ
voiceless alveolar lateral-fricative consonant	ɬ	http://pbase.phon.chass.ncsu.edu/visualize?lang=True&input=ɬ&inany=false&coreinv=on	ɬ
labialized voiceless alveolar lateral-fricative consonant	ɬʷ	http://pbase.phon.chass.ncsu.edu/visualize?lang=True&input=ɬʷ&inany=false&coreinv=on	ɬʷ
voiced alveolar lateral-fricative consonant	ɮ	http://pbase.phon.chass.ncsu.edu/visualize?lang=True&input=ɮ&inany=false&coreinv=on	ɮ
voiceless palatal sibilant-fricative consonant	ç	http://pbase.phon.chass.ncsu.edu/visualize?lang=True&input=ç&inany=false&coreinv=on	ç
voiced palatal fricative consonant	ʝ	http://pbase.phon.chass.ncsu.edu/visualize?lang=True&input=ʝ&inany=false&coreinv=on	ʝ
voiceless pharyngeal fricative consonant	ħ	http://pbase.phon.chass.ncsu.edu/visualize?lang=True&input=ħ&inany=false&coreinv=on	ħ
labialized voiceless pharyngeal fricative consonant	ħʷ	http://pbase.phon.chass.ncsu.edu/visualize?lang=True&input=ħʷ&inany=false&coreinv=on	ħʷ
voiced pharyngeal fricative consonant	ʕ	http://pbase.phon.chass.ncsu.edu/visualize?lang=True&input=ʕ&inany=false&coreinv=on	ʕ
labialized voiced pharyngeal fricative consonant	ʕʷ	http://pbase.phon.chass.ncsu.edu/visualize?lang=True&input=ʕʷ&inany=false&coreinv=on	ʕʷ
pre-nasalized voiced postalveolar sibilant-fricative consonant	ⁿʒ	http://pbase.phon.chass.ncsu.edu/visualize?lang=True&input=ⁿʒ&inany=false&coreinv=on	ⁿʒ
pre-nasalized voiced postalveolar sibilant-fricative consonant	ⁿʒ	http://pbase.phon.chass.ncsu.edu/visualize?lang=True&input=ⁿʒ&inany=false&coreinv=on	ⁿʒ
pre-nasalized voiceless postalveolar sibilant-fricative consonant	ⁿʃ	http://pbase.phon.chass.ncsu.edu/visualize?lang=True&input=ⁿʃ&inany=false&coreinv=on	ⁿʃ
voiced postalveolar sibilant-fricative consonant	ʒ	http://pbase.phon.chass.ncsu.edu/visualize?lang=True&input=ʒ&inany=false&coreinv=on	ʒ
long voiced postalveolar sibilant-fricative consonant	ʒː	http://pbase.phon.chass.ncsu.edu/visualize?lang=True&input=ʒː&inany=false&coreinv=on	ʒː
aspirated voiced postalveolar sibilant-fricative consonant	ʒʰ	http://pbase.phon.chass.ncsu.edu/visualize?lang=True&input=ʒʰ&inany=false&coreinv=on	ʒʰ
aspirated voiced postalveolar sibilant-fricative consonant	ʒʰ	http://pbase.phon.chass.ncsu.edu/visualize?lang=True&input=ʒʰ&inany=false&coreinv=on	ʒʰ
labialized voiced postalveolar sibilant-fricative consonant	ʒʷ	http://pbase.phon.chass.ncsu.edu/visualize?lang=True&input=ʒʷ&inany=false&coreinv=on	ʒʷ
labialized voiced postalveolar sibilant-fricative consonant	ʒʷ	http://pbase.phon.chass.ncsu.edu/visualize?lang=True&input=ʒʷ&inany=false&coreinv=on	ʒʷ
palatalized voiced postalveolar sibilant-fricative consonant	ʒʲ	http://pbase.phon.chass.ncsu.edu/visualize?lang=True&input=ʒʲ&inany=false&coreinv=on	ʒʲ
breathy-voiced postalveolar sibilant-fricative consonant	ʒ̤	http://pbase.phon.chass.ncsu.edu/visualize?lang=True&input=ʒ̤&inany=false&coreinv=on	ʒ̤
voiceless postalveolar sibilant-fricative consonant	ʃ	http://pbase.phon.chass.ncsu.edu/visualize?lang=True&input=ʃ&inany=false&coreinv=on	ʃ
long voiceless postalveolar sibilant-fricative consonant	ʃː	http://pbase.phon.chass.ncsu.edu/visualize?lang=True&input=ʃː&inany=false&coreinv=on	ʃː
long voiceless postalveolar sibilant-fricative consonant	ʃː	http://pbase.phon.chass.ncsu.edu/visualize?lang=True&input=ʃː&inany=false&coreinv=on	ʃː
labialized voiceless postalveolar sibilant-fricative consonant	ʃʷ	http://pbase.phon.chass.ncsu.edu/visualize?lang=True&input=ʃʷ&inany=false&coreinv=on	ʃʷ
voiceless postalveolar ejective sibilant-fricative consonant	ʃʼ	http://pbase.phon.chass.ncsu.edu/visualize?lang=True&input=ʃʼ&inany=false&coreinv=on	ʃʼ
voiceless postalveolar ejective sibilant-fricative consonant	ʃʼ	http://pbase.phon.chass.ncsu.edu/visualize?lang=True&input=ʃʼ&inany=false&coreinv=on	ʃʼ
palatalized voiceless postalveolar sibilant-fricative consonant	ʃʲ	http://pbase.phon.chass.ncsu.edu/visualize?lang=True&input=ʃʲ&inany=false&coreinv=on	ʃʲ
voiced retroflex sibilant-fricative consonant	ʐ	http://pbase.phon.chass.ncsu.edu/visualize?lang=True&input=ʐ&inany=false&coreinv=on	ʐ
voiceless retroflex sibilant-fricative consonant	ʂ	http://pbase.phon.chass.ncsu.edu/visualize?lang=True&input=ʂ&inany=false&coreinv=on	ʂ
aspirated voiceless retroflex sibilant-fricative consonant	ʂʰ	http://pbase.phon.chass.ncsu.edu/visualize?lang=True&input=ʂʰ&inany=false&coreinv=on	ʂʰ
voiced uvular fricative consonant	ʁ	http://pbase.phon.chass.ncsu.edu/visualize?lang=True&input=ʁ&inany=false&coreinv=on	ʁ
long voiced uvular fricative consonant	ʁː	http://pbase.phon.chass.ncsu.edu/visualize?lang=True&input=ʁː&inany=false&coreinv=on	ʁː
pharyngealized voiced uvular fricative consonant	ʁˤ	http://pbase.phon.chass.ncsu.edu/visualize?lang=True&input=ʁˤ&inany=false&coreinv=on	ʁˤ
labialized voiced uvular fricative consonant	ʁʷ	http://pbase.phon.chass.ncsu.edu/visualize?lang=True&input=ʁʷ&inany=false&coreinv=on	ʁʷ
palatalized voiced uvular fricative consonant	ʁʲ	http://pbase.phon.chass.ncsu.edu/visualize?lang=True&input=ʁʲ&inany=false&coreinv=on	ʁʲ
voiceless uvular fricative consonant	χ	http://pbase.phon.chass.ncsu.edu/visualize?lang=True&input=χ&inany=false&coreinv=on	χ
long voiceless uvular fricative consonant	χː	http://pbase.phon.chass.ncsu.edu/visualize?lang=True&input=χː&inany=false&coreinv=on	χː
pharyngealized voiceless uvular fricative consonant	χˤ	http://pbase.phon.chass.ncsu.edu/visualize?lang=True&input=χˤ&inany=false&coreinv=on	χˤ
labialized voiceless uvular fricative consonant	χʷ	http://pbase.phon.chass.ncsu.edu/visualize?lang=True&input=χʷ&inany=false&coreinv=on	χʷ
palatalized voiceless uvular fricative consonant	χʲ	http://pbase.phon.chass.ncsu.edu/visualize?lang=True&input=χʲ&inany=false&coreinv=on	χʲ
voiced velar fricative consonant	ɣ	http://pbase.phon.chass.ncsu.edu/visualize?lang=True&input=ɣ&inany=false&coreinv=on	ɣ
long voiced velar fricative consonant	ɣː	http://pbase.phon.chass.ncsu.edu/visualize?lang=True&input=ɣː&inany=false&coreinv=on	ɣː
aspirated voiced velar fricative consonant	ɣʰ	http://pbase.phon.chass.ncsu.edu/visualize?lang=True&input=ɣʰ&inany=false&coreinv=on	ɣʰ
labialized voiced velar fricative consonant	ɣʷ	http://pbase.phon.chass.ncsu.edu/visualize?lang=True&input=ɣʷ&inany=false&coreinv=on	ɣʷ
palatalized voiced velar fricative consonant	ɣʲ	http://pbase.phon.chass.ncsu.edu/visualize?lang=True&input=ɣʲ&inany=false&coreinv=on	ɣʲ
voiceless velar fricative consonant	x	http://pbase.phon.chass.ncsu.edu/visualize?lang=True&input=x&inany=false&coreinv=on	x
long voiceless velar fricative consonant	xː	http://pbase.phon.chass.ncsu.edu/visualize?lang=True&input=xː&inany=false&coreinv=on	xː
aspirated voiceless velar fricative consonant	xʰ	http://pbase.phon.chass.ncsu.edu/visualize?lang=True&input=xʰ&inany=false&coreinv=on	xʰ
labialized voiceless velar fricative consonant	xʷ	http://pbase.phon.chass.ncsu.edu/visualize?lang=True&input=xʷ&inany=false&coreinv=on	xʷ
voiceless velar ejective fricative consonant	xʼ	http://pbase.phon.chass.ncsu.edu/visualize?lang=True&input=xʼ&inany=false&coreinv=on	xʼ
voiceless velar ejective fricative consonant	xʼ	http://pbase.phon.chass.ncsu.edu/visualize?lang=True&input=xʼ&inany=false&coreinv=on	xʼ
palatalized voiceless velar fricative consonant	xʲ	http://pbase.phon.chass.ncsu.edu/visualize?lang=True&input=xʲ&inany=false&coreinv=on	xʲ
palatalized voiceless velar fricative consonant	xʲ	http://pbase.phon.chass.ncsu.edu/visualize?lang=True&input=xʲ&inany=false&coreinv=on	xʲ
voiced dental imstop consonant	ɗ	http://pbase.phon.chass.ncsu.edu/visualize?lang=True&input=ɗ&inany=false&coreinv=on	ɗ
labialized voiced dental imstop consonant	ɗʷ	http://pbase.phon.chass.ncsu.edu/visualize?lang=True&input=ɗʷ&inany=false&coreinv=on	ɗʷ
voiced bilabial imstop consonant	ɓ	http://pbase.phon.chass.ncsu.edu/visualize?lang=True&input=ɓ&inany=false&coreinv=on	ɓ
labialized voiced bilabial imstop consonant	ɓʷ	http://pbase.phon.chass.ncsu.edu/visualize?lang=True&input=ɓʷ&inany=false&coreinv=on	ɓʷ
voiced palatal imstop consonant	ʄ	http://pbase.phon.chass.ncsu.edu/visualize?lang=True&input=ʄ&inany=false&coreinv=on	ʄ
voiced uvular imstop consonant	ʛ	http://pbase.phon.chass.ncsu.edu/visualize?lang=True&input=ʛ&inany=false&coreinv=on	ʛ
voiced velar imstop consonant	ɠ	http://pbase.phon.chass.ncsu.edu/visualize?lang=True&input=ɠ&inany=false&coreinv=on	ɠ
labialized voiced velar imstop consonant	ɠʷ	http://pbase.phon.chass.ncsu.edu/visualize?lang=True&input=ɠʷ&inany=false&coreinv=on	ɠʷ
palatalized voiced velar imstop consonant	ɠʲ	http://pbase.phon.chass.ncsu.edu/visualize?lang=True&input=ɠʲ&inany=false&coreinv=on	ɠʲ
voiced dental lateral-approximant consonant	l̪	http://pbase.phon.chass.ncsu.edu/visualize?lang=True&input=l̪&inany=false&coreinv=on	l̪
long voiced dental lateral-approximant consonant	l̪ː	http://pbase.phon.chass.ncsu.edu/visualize?lang=True&input=l̪ː&inany=false&coreinv=on	l̪ː
pharyngealized voiced dental lateral-approximant consonant	l̪ˤ	http://pbase.phon.chass.ncsu.edu/visualize?lang=True&input=l̪ˤ&inany=false&coreinv=on	l̪ˤ
pharyngealized voiced dental lateral-approximant consonant	l̪ˤ	http://pbase.phon.chass.ncsu.edu/visualize?lang=True&input=l̪ˤ&inany=false&coreinv=on	l̪ˤ
aspirated voiced dental lateral-approximant consonant	l̪ʰ	http://pbase.phon.chass.ncsu.edu/visualize?lang=True&input=l̪ʰ&inany=false&coreinv=on	l̪ʰ
palatalized voiced dental lateral-approximant consonant	l̪ʲ	http://pbase.phon.chass.ncsu.edu/visualize?lang=True&input=l̪ʲ&inany=false&coreinv=on	l̪ʲ
voiced alveolar lateral-approximant consonant	l	http://pbase.phon.chass.ncsu.edu/visualize?lang=True&input=l&inany=false&coreinv=on	l
long voiced alveolar lateral-approximant consonant	lː	http://pbase.phon.chass.ncsu.edu/visualize?lang=True&input=lː&inany=false&coreinv=on	lː
long voiced alveolar lateral-approximant consonant	lː	http://pbase.phon.chass.ncsu.edu/visualize?lang=True&input=lː&inany=false&coreinv=on	lː
velarized voiced alveolar lateral-approximant consonant	lˠ	http://pbase.phon.chass.ncsu.edu/visualize?lang=True&input=lˠ&inany=false&coreinv=on	lˠ
velarized voiced alveolar lateral-approximant consonant	lˠ	http://pbase.phon.chass.ncsu.edu/visualize?lang=True&input=lˠ&inany=false&coreinv=on	lˠ
pharyngealized voiced alveolar lateral-approximant consonant	lˤ	http://pbase.phon.chass.ncsu.edu/visualize?lang=True&input=lˤ&inany=false&coreinv=on	lˤ
aspirated voiced alveolar lateral-approximant consonant	lʰ	http://pbase.phon.chass.ncsu.edu/visualize?lang=True&input=lʰ&inany=false&coreinv=on	lʰ
labialized voiced alveolar lateral-approximant consonant	lʷ	http://pbase.phon.chass.ncsu.edu/visualize?lang=True&input=lʷ&inany=false&coreinv=on	lʷ
palatalized voiced alveolar lateral-approximant consonant	lʲ	http://pbase.phon.chass.ncsu.edu/visualize?lang=True&input=lʲ&inany=false&coreinv=on	lʲ
breathy-voiced alveolar lateral-approximant consonant	l̤	http://pbase.phon.chass.ncsu.edu/visualize?lang=True&input=l̤&inany=false&coreinv=on	l̤
devoiced voiced alveolar lateral-approximant consonant	l̥	http://pbase.phon.chass.ncsu.edu/visualize?lang=True&input=l̥&inany=false&coreinv=on	l̥
aspirated devoiced voiced alveolar lateral-approximant consonant	l̥ʰ	http://pbase.phon.chass.ncsu.edu/visualize?lang=True&input=l̥ʰ&inany=false&coreinv=on	l̥ʰ
syllabic voiced alveolar lateral-approximant consonant	l̩	http://pbase.phon.chass.ncsu.edu/visualize?lang=True&input=l̩&inany=false&coreinv=on	l̩
nasalized voiced alveolar lateral-approximant consonant	l̃	http://pbase.phon.chass.ncsu.edu/visualize?lang=True&input=l̃&inany=false&coreinv=on	l̃
voiced retroflex lateral-approximant consonant	ɭ	http://pbase.phon.chass.ncsu.edu/visualize?lang=True&input=ɭ&inany=false&coreinv=on	ɭ
non-syllabic rounded close-mid back vowel	o̯	http://pbase.phon.chass.ncsu.edu/visualize?lang=True&input=o̯&inany=false&coreinv=on	o̯
non-syllabic unrounded close-mid front vowel	e̯	http://pbase.phon.chass.ncsu.edu/visualize?lang=True&input=e̯&inany=false&coreinv=on	e̯
voiced alveolar nasal consonant	n	http://pbase.phon.chass.ncsu.edu/visualize?lang=True&input=n&inany=false&coreinv=on	n
long voiced alveolar nasal consonant	nː	http://pbase.phon.chass.ncsu.edu/visualize?lang=True&input=nː&inany=false&coreinv=on	nː
long voiced alveolar nasal consonant	nː	http://pbase.phon.chass.ncsu.edu/visualize?lang=True&input=nː&inany=false&coreinv=on	nː
pharyngealized voiced alveolar nasal consonant	nˤ	http://pbase.phon.chass.ncsu.edu/visualize?lang=True&input=nˤ&inany=false&coreinv=on	nˤ
pharyngealized voiced alveolar nasal consonant	nˤ	http://pbase.phon.chass.ncsu.edu/visualize?lang=True&input=nˤ&inany=false&coreinv=on	nˤ
aspirated voiced alveolar nasal consonant	nʰ	http://pbase.phon.chass.ncsu.edu/visualize?lang=True&input=nʰ&inany=false&coreinv=on	nʰ
labialized voiced alveolar nasal consonant	nʷ	http://pbase.phon.chass.ncsu.edu/visualize?lang=True&input=nʷ&inany=false&coreinv=on	nʷ
palatalized voiced alveolar nasal consonant	nʲ	http://pbase.phon.chass.ncsu.edu/visualize?lang=True&input=nʲ&inany=false&coreinv=on	nʲ
palatalized voiced alveolar nasal consonant	nʲ	http://pbase.phon.chass.ncsu.edu/visualize?lang=True&input=nʲ&inany=false&coreinv=on	nʲ
breathy-voiced alveolar nasal consonant	n̤	http://pbase.phon.chass.ncsu.edu/visualize?lang=True&input=n̤&inany=false&coreinv=on	n̤
devoiced voiced alveolar nasal consonant	n̥	http://pbase.phon.chass.ncsu.edu/visualize?lang=True&input=n̥&inany=false&coreinv=on	n̥
syllabic voiced alveolar nasal consonant	n̩	http://pbase.phon.chass.ncsu.edu/visualize?lang=True&input=n̩&inany=false&coreinv=on	n̩
voiced bilabial nasal consonant	m	http://pbase.phon.chass.ncsu.edu/visualize?lang=True&input=m&inany=false&coreinv=on	m
long voiced bilabial nasal consonant	mː	http://pbase.phon.chass.ncsu.edu/visualize?lang=True&input=mː&inany=false&coreinv=on	mː
long voiced bilabial nasal consonant	mː	http://pbase.phon.chass.ncsu.edu/visualize?lang=True&input=mː&inany=false&coreinv=on	mː
velarized voiced bilabial nasal consonant	mˠ	http://pbase.phon.chass.ncsu.edu/visualize?lang=True&input=mˠ&inany=false&coreinv=on	mˠ
with-lateral-release voiced bilabial nasal consonant	mˡ	http://pbase.phon.chass.ncsu.edu/visualize?lang=True&input=mˡ&inany=false&coreinv=on	mˡ
pharyngealized voiced bilabial nasal consonant	mˤ	http://pbase.phon.chass.ncsu.edu/visualize?lang=True&input=mˤ&inany=false&coreinv=on	mˤ
aspirated voiced bilabial nasal consonant	mʰ	http://pbase.phon.chass.ncsu.edu/visualize?lang=True&input=mʰ&inany=false&coreinv=on	mʰ
labialized voiced bilabial nasal consonant	mʷ	http://pbase.phon.chass.ncsu.edu/visualize?lang=True&input=mʷ&inany=false&coreinv=on	mʷ
palatalized voiced bilabial nasal consonant	mʲ	http://pbase.phon.chass.ncsu.edu/visualize?lang=True&input=mʲ&inany=false&coreinv=on	mʲ
breathy-voiced bilabial nasal consonant	m̤	http://pbase.phon.chass.ncsu.edu/visualize?lang=True&input=m̤&inany=false&coreinv=on	m̤
devoiced voiced bilabial nasal consonant	m̥	http://pbase.phon.chass.ncsu.edu/visualize?lang=True&input=m̥&inany=false&coreinv=on	m̥
aspirated devoiced voiced bilabial nasal consonant	m̥ʰ	http://pbase.phon.chass.ncsu.edu/visualize?lang=True&input=m̥ʰ&inany=false&coreinv=on	m̥ʰ
syllabic voiced bilabial nasal consonant	m̩	http://pbase.phon.chass.ncsu.edu/visualize?lang=True&input=m̩&inany=false&coreinv=on	m̩
voiced dental nasal consonant	n̪	http://pbase.phon.chass.ncsu.edu/visualize?lang=True&input=n̪&inany=false&coreinv=on	n̪
long voiced dental nasal consonant	n̪ː	http://pbase.phon.chass.ncsu.edu/visualize?lang=True&input=n̪ː&inany=false&coreinv=on	n̪ː
aspirated voiced dental nasal consonant	n̪ʰ	http://pbase.phon.chass.ncsu.edu/visualize?lang=True&input=n̪ʰ&inany=false&coreinv=on	n̪ʰ
palatalized voiced dental nasal consonant	n̪ʲ	http://pbase.phon.chass.ncsu.edu/visualize?lang=True&input=n̪ʲ&inany=false&coreinv=on	n̪ʲ
voiced palatal nasal consonant	ɲ	http://pbase.phon.chass.ncsu.edu/visualize?lang=True&input=ɲ&inany=false&coreinv=on	ɲ
long voiced palatal nasal consonant	ɲː	http://pbase.phon.chass.ncsu.edu/visualize?lang=True&input=ɲː&inany=false&coreinv=on	ɲː
aspirated voiced palatal nasal consonant	ɲʰ	http://pbase.phon.chass.ncsu.edu/visualize?lang=True&input=ɲʰ&inany=false&coreinv=on	ɲʰ
voiced retroflex nasal consonant	ɳ	http://pbase.phon.chass.ncsu.edu/visualize?lang=True&input=ɳ&inany=false&coreinv=on	ɳ
labialized voiced retroflex nasal consonant	ɳʷ	http://pbase.phon.chass.ncsu.edu/visualize?lang=True&input=ɳʷ&inany=false&coreinv=on	ɳʷ
voiced uvular nasal consonant	ɴ	http://pbase.phon.chass.ncsu.edu/visualize?lang=True&input=ɴ&inany=false&coreinv=on	ɴ
voiced velar nasal consonant	ŋ	http://pbase.phon.chass.ncsu.edu/visualize?lang=True&input=ŋ&inany=false&coreinv=on	ŋ
long voiced velar nasal consonant	ŋː	http://pbase.phon.chass.ncsu.edu/visualize?lang=True&input=ŋː&inany=false&coreinv=on	ŋː
long voiced velar nasal consonant	ŋː	http://pbase.phon.chass.ncsu.edu/visualize?lang=True&input=ŋː&inany=false&coreinv=on	ŋː
aspirated voiced velar nasal consonant	ŋʰ	http://pbase.phon.chass.ncsu.edu/visualize?lang=True&input=ŋʰ&inany=false&coreinv=on	ŋʰ
labialized voiced velar nasal consonant	ŋʷ	http://pbase.phon.chass.ncsu.edu/visualize?lang=True&input=ŋʷ&inany=false&coreinv=on	ŋʷ
devoiced voiced velar nasal consonant	ŋ̊	http://pbase.phon.chass.ncsu.edu/visualize?lang=True&input=ŋ̥&inany=false&coreinv=on	ŋ̥
pre-nasalized voiced alveolar stop consonant	ⁿd	http://pbase.phon.chass.ncsu.edu/visualize?lang=True&input=ⁿd&inany=false&coreinv=on	ⁿd
pre-nasalized labialized voiced alveolar stop consonant	ⁿdʷ	http://pbase.phon.chass.ncsu.edu/visualize?lang=True&input=ⁿdʷ&inany=false&coreinv=on	ⁿdʷ
pre-nasalized palatalized voiced alveolar stop consonant	ⁿdʲ	http://pbase.phon.chass.ncsu.edu/visualize?lang=True&input=ⁿdʲ&inany=false&coreinv=on	ⁿdʲ
pre-nasalized voiceless alveolar stop consonant	ⁿt	http://pbase.phon.chass.ncsu.edu/visualize?lang=True&input=ⁿt&inany=false&coreinv=on	ⁿt
pre-nasalized aspirated voiceless alveolar stop consonant	ⁿtʰ	http://pbase.phon.chass.ncsu.edu/visualize?lang=True&input=ⁿtʰ&inany=false&coreinv=on	ⁿtʰ
pre-nasalized aspirated voiceless alveolar stop consonant	ⁿtʰ	http://pbase.phon.chass.ncsu.edu/visualize?lang=True&input=ⁿtʰ&inany=false&coreinv=on	ⁿtʰ
voiced alveolar stop consonant	d	http://pbase.phon.chass.ncsu.edu/visualize?lang=True&input=d&inany=false&coreinv=on	d
velarized voiced alveolar stop consonant	dˠ	http://pbase.phon.chass.ncsu.edu/visualize?lang=True&input=dˠ&inany=false&coreinv=on	dˠ
pharyngealized voiced alveolar stop consonant	dˤ	http://pbase.phon.chass.ncsu.edu/visualize?lang=True&input=dˤ&inany=false&coreinv=on	dˤ
pharyngealized voiced alveolar stop consonant	dˤ	http://pbase.phon.chass.ncsu.edu/visualize?lang=True&input=dˤ&inany=false&coreinv=on	dˤ
pharyngealized voiced alveolar stop consonant	dˤ	http://pbase.phon.chass.ncsu.edu/visualize?lang=True&input=dˤ&inany=false&coreinv=on	dˤ
aspirated voiced alveolar stop consonant	dʰ	http://pbase.phon.chass.ncsu.edu/visualize?lang=True&input=dʰ&inany=false&coreinv=on	dʰ
aspirated voiced alveolar stop consonant	dʰ	http://pbase.phon.chass.ncsu.edu/visualize?lang=True&input=dʰ&inany=false&coreinv=on	dʰ
labialized voiced alveolar stop consonant	dʷ	http://pbase.phon.chass.ncsu.edu/visualize?lang=True&input=dʷ&inany=false&coreinv=on	dʷ
palatalized voiced alveolar stop consonant	dʲ	http://pbase.phon.chass.ncsu.edu/visualize?lang=True&input=dʲ&inany=false&coreinv=on	dʲ
palatalized voiced alveolar stop consonant	dʲ	http://pbase.phon.chass.ncsu.edu/visualize?lang=True&input=dʲ&inany=false&coreinv=on	dʲ
palatalized voiced alveolar stop consonant	dʲ	http://pbase.phon.chass.ncsu.edu/visualize?lang=True&input=dʲ&inany=false&coreinv=on	dʲ
devoiced voiced alveolar stop consonant	d̥	http://pbase.phon.chass.ncsu.edu/visualize?lang=True&input=d̥&inany=false&coreinv=on	d̥
from voiceless glottal stop to voiced alveolar stop cluster	ʔd	http://pbase.phon.chass.ncsu.edu/visualize?lang=True&input=ʔd&inany=false&coreinv=on	ʔd
from voiceless glottal stop to voiced alveolar stop cluster	ʔd	http://pbase.phon.chass.ncsu.edu/visualize?lang=True&input=ʔd&inany=false&coreinv=on	ʔd
from voiceless glottal stop to voiceless alveolar stop cluster	ʔt	http://pbase.phon.chass.ncsu.edu/visualize?lang=True&input=ʔt&inany=false&coreinv=on	ʔt
voiceless alveolar stop consonant	t	http://pbase.phon.chass.ncsu.edu/visualize?lang=True&input=t&inany=false&coreinv=on	t
with-nasal-release voiceless alveolar stop consonant	tⁿ	http://pbase.phon.chass.ncsu.edu/visualize?lang=True&input=tⁿ&inany=false&coreinv=on	tⁿ
long voiceless alveolar stop consonant	tː	http://pbase.phon.chass.ncsu.edu/visualize?lang=True&input=tː&inany=false&coreinv=on	tː
velarized voiceless alveolar stop consonant	tˠ	http://pbase.phon.chass.ncsu.edu/visualize?lang=True&input=tˠ&inany=false&coreinv=on	tˠ
pharyngealized voiceless alveolar stop consonant	tˤ	http://pbase.phon.chass.ncsu.edu/visualize?lang=True&input=tˤ&inany=false&coreinv=on	tˤ
pharyngealized voiceless alveolar stop consonant	tˤ	http://pbase.phon.chass.ncsu.edu/visualize?lang=True&input=tˤ&inany=false&coreinv=on	tˤ
aspirated voiceless alveolar stop consonant	tʰ	http://pbase.phon.chass.ncsu.edu/visualize?lang=True&input=tʰ&inany=false&coreinv=on	tʰ
labialized aspirated voiceless alveolar stop consonant	tʷʰ	http://pbase.phon.chass.ncsu.edu/visualize?lang=True&input=tʰʷ&inany=false&coreinv=on	tʰʷ
labialized voiceless alveolar stop consonant	tʷ	http://pbase.phon.chass.ncsu.edu/visualize?lang=True&input=tʷ&inany=false&coreinv=on	tʷ
palatalized voiceless alveolar stop consonant	tʲ	http://pbase.phon.chass.ncsu.edu/visualize?lang=True&input=tʲ&inany=false&coreinv=on	tʲ
voiced bilabial stop consonant	b	http://pbase.phon.chass.ncsu.edu/visualize?lang=True&input=b&inany=false&coreinv=on	b
long voiced bilabial stop consonant	bː	http://pbase.phon.chass.ncsu.edu/visualize?lang=True&input=bː&inany=false&coreinv=on	bː
with-lateral-release voiced bilabial stop consonant	bˡ	http://pbase.phon.chass.ncsu.edu/visualize?lang=True&input=bˡ&inany=false&coreinv=on	bˡ
pharyngealized voiced bilabial stop consonant	bˤ	http://pbase.phon.chass.ncsu.edu/visualize?lang=True&input=bˤ&inany=false&coreinv=on	bˤ
aspirated voiced bilabial stop consonant	bʰ	http://pbase.phon.chass.ncsu.edu/visualize?lang=True&input=bʰ&inany=false&coreinv=on	bʰ
aspirated voiced bilabial stop consonant	bʰ	http://pbase.phon.chass.ncsu.edu/visualize?lang=True&input=bʰ&inany=false&coreinv=on	bʰ
labialized voiced bilabial stop consonant	bʷ	http://pbase.phon.chass.ncsu.edu/visualize?lang=True&input=bʷ&inany=false&coreinv=on	bʷ
palatalized voiced bilabial stop consonant	bʲ	http://pbase.phon.chass.ncsu.edu/visualize?lang=True&input=bʲ&inany=false&coreinv=on	bʲ
palatalized voiced bilabial stop consonant	bʲ	http://pbase.phon.chass.ncsu.edu/visualize?lang=True&input=bʲ&inany=false&coreinv=on	bʲ
palatalized voiced bilabial stop consonant	bʲ	http://pbase.phon.chass.ncsu.edu/visualize?lang=True&input=bʲ&inany=false&coreinv=on	bʲ
devoiced voiced bilabial stop consonant	b̥	http://pbase.phon.chass.ncsu.edu/visualize?lang=True&input=b̥&inany=false&coreinv=on	b̥
from voiceless glottal stop to voiced bilabial stop cluster	ʔb	http://pbase.phon.chass.ncsu.edu/visualize?lang=True&input=ʔb&inany=false&coreinv=on	ʔb
from voiceless glottal stop to voiced bilabial stop cluster	ʔb	http://pbase.phon.chass.ncsu.edu/visualize?lang=True&input=ʔb&inany=false&coreinv=on	ʔb
from voiceless glottal stop to voiceless bilabial stop cluster	ʔp	http://pbase.phon.chass.ncsu.edu/visualize?lang=True&input=ʔp&inany=false&coreinv=on	ʔp
voiceless bilabial stop consonant	p	http://pbase.phon.chass.ncsu.edu/visualize?lang=True&input=p&inany=false&coreinv=on	p
long voiceless bilabial stop consonant	pː	http://pbase.phon.chass.ncsu.edu/visualize?lang=True&input=pː&inany=false&coreinv=on	pː
long voiceless bilabial stop consonant	pː	http://pbase.phon.chass.ncsu.edu/visualize?lang=True&input=pː&inany=false&coreinv=on	pː
velarized voiceless bilabial stop consonant	pˠ	http://pbase.phon.chass.ncsu.edu/visualize?lang=True&input=pˠ&inany=false&coreinv=on	pˠ
with-lateral-release voiceless bilabial stop consonant	pˡ	http://pbase.phon.chass.ncsu.edu/visualize?lang=True&input=pˡ&inany=false&coreinv=on	pˡ
pharyngealized voiceless bilabial stop consonant	pˤ	http://pbase.phon.chass.ncsu.edu/visualize?lang=True&input=pˤ&inany=false&coreinv=on	pˤ
pharyngealized voiceless bilabial stop consonant	pˤ	http://pbase.phon.chass.ncsu.edu/visualize?lang=True&input=pˤ&inany=false&coreinv=on	pˤ
aspirated voiceless bilabial stop consonant	pʰ	http://pbase.phon.chass.ncsu.edu/visualize?lang=True&input=pʰ&inany=false&coreinv=on	pʰ
labialized aspirated voiceless bilabial stop consonant	pʰʷ	http://pbase.phon.chass.ncsu.edu/visualize?lang=True&input=pʰʷ&inany=false&coreinv=on	pʰʷ
labialized aspirated voiceless bilabial stop consonant	pʰʷ	http://pbase.phon.chass.ncsu.edu/visualize?lang=True&input=pʰʷ&inany=false&coreinv=on	pʰʷ
labialized voiceless bilabial stop consonant	pʷ	http://pbase.phon.chass.ncsu.edu/visualize?lang=True&input=pʷ&inany=false&coreinv=on	pʷ
palatalized voiceless bilabial stop consonant	pʲ	http://pbase.phon.chass.ncsu.edu/visualize?lang=True&input=pʲ&inany=false&coreinv=on	pʲ
pre-nasalized voiced dental stop consonant	ⁿd̪	http://pbase.phon.chass.ncsu.edu/visualize?lang=True&input=ⁿd̪&inany=false&coreinv=on	ⁿd̪
pre-nasalized voiced dental stop consonant	ⁿd̪	http://pbase.phon.chass.ncsu.edu/visualize?lang=True&input=ⁿd̪&inany=false&coreinv=on	ⁿd̪
voiced dental stop consonant	d̪	http://pbase.phon.chass.ncsu.edu/visualize?lang=True&input=d̪&inany=false&coreinv=on	d̪
long voiced dental stop consonant	d̪ː	http://pbase.phon.chass.ncsu.edu/visualize?lang=True&input=d̪ː&inany=false&coreinv=on	d̪ː
pharyngealized voiced dental stop consonant	d̪ˤ	http://pbase.phon.chass.ncsu.edu/visualize?lang=True&input=d̪ˤ&inany=false&coreinv=on	d̪ˤ
pharyngealized voiced dental stop consonant	d̪ˤ	http://pbase.phon.chass.ncsu.edu/visualize?lang=True&input=d̪ˤ&inany=false&coreinv=on	d̪ˤ
aspirated voiced dental stop consonant	d̪ʰ	http://pbase.phon.chass.ncsu.edu/visualize?lang=True&input=d̪ʰ&inany=false&coreinv=on	d̪ʰ
palatalized voiced dental stop consonant	d̪ʲ	http://pbase.phon.chass.ncsu.edu/visualize?lang=True&input=d̪ʲ&inany=false&coreinv=on	d̪ʲ
voiceless dental stop consonant	t̪	http://pbase.phon.chass.ncsu.edu/visualize?lang=True&input=t̪&inany=false&coreinv=on	t̪
with-nasal-release voiceless dental stop consonant	t̪ⁿ	http://pbase.phon.chass.ncsu.edu/visualize?lang=True&input=t̪ⁿ&inany=false&coreinv=on	t̪ⁿ
long voiceless dental stop consonant	t̪ː	http://pbase.phon.chass.ncsu.edu/visualize?lang=True&input=t̪ː&inany=false&coreinv=on	t̪ː
pharyngealized voiceless dental stop consonant	t̪ˤ	http://pbase.phon.chass.ncsu.edu/visualize?lang=True&input=t̪ˤ&inany=false&coreinv=on	t̪ˤ
pharyngealized voiceless dental stop consonant	t̪ˤ	http://pbase.phon.chass.ncsu.edu/visualize?lang=True&input=t̪ˤ&inany=false&coreinv=on	t̪ˤ
aspirated voiceless dental stop consonant	t̪ʰ	http://pbase.phon.chass.ncsu.edu/visualize?lang=True&input=t̪ʰ&inany=false&coreinv=on	t̪ʰ
labialized voiceless dental stop consonant	t̪ʷ	http://pbase.phon.chass.ncsu.edu/visualize?lang=True&input=t̪ʷ&inany=false&coreinv=on	t̪ʷ
palatalized voiceless dental stop consonant	t̪ʲ	http://pbase.phon.chass.ncsu.edu/visualize?lang=True&input=t̪ʲ&inany=false&coreinv=on	t̪ʲ
voiceless glottal stop consonant	ʔ	http://pbase.phon.chass.ncsu.edu/visualize?lang=True&input=ʔ&inany=false&coreinv=on	ʔ
pharyngealized voiceless glottal stop consonant	ʔˤ	http://pbase.phon.chass.ncsu.edu/visualize?lang=True&input=ʔˤ&inany=false&coreinv=on	ʔˤ
labialized voiceless glottal stop consonant	ʔʷ	http://pbase.phon.chass.ncsu.edu/visualize?lang=True&input=ʔʷ&inany=false&coreinv=on	ʔʷ
pre-nasalized voiceless palatal stop consonant	ⁿc	http://pbase.phon.chass.ncsu.edu/visualize?lang=True&input=ⁿc&inany=false&coreinv=on	ⁿc
pre-nasalized voiceless palatal stop consonant	ⁿc	http://pbase.phon.chass.ncsu.edu/visualize?lang=True&input=ⁿc&inany=false&coreinv=on	ⁿc
pre-nasalized voiced palatal stop consonant	ⁿɟ	http://pbase.phon.chass.ncsu.edu/visualize?lang=True&input=ⁿɟ&inany=false&coreinv=on	ⁿɟ
pre-nasalized voiced palatal stop consonant	ⁿɟ	http://pbase.phon.chass.ncsu.edu/visualize?lang=True&input=ⁿɟ&inany=false&coreinv=on	ⁿɟ
voiceless palatal stop consonant	c	http://pbase.phon.chass.ncsu.edu/visualize?lang=True&input=c&inany=false&coreinv=on	c
pharyngealized voiceless palatal stop consonant	cˤ	http://pbase.phon.chass.ncsu.edu/visualize?lang=True&input=cˤ&inany=false&coreinv=on	cˤ
aspirated voiceless palatal stop consonant	cʰ	http://pbase.phon.chass.ncsu.edu/visualize?lang=True&input=cʰ&inany=false&coreinv=on	cʰ
labialized voiceless palatal stop consonant	cʷ	http://pbase.phon.chass.ncsu.edu/visualize?lang=True&input=cʷ&inany=false&coreinv=on	cʷ
voiced palatal stop consonant	ɟ	http://pbase.phon.chass.ncsu.edu/visualize?lang=True&input=ɟ&inany=false&coreinv=on	ɟ
aspirated voiced palatal stop consonant	ɟʰ	http://pbase.phon.chass.ncsu.edu/visualize?lang=True&input=ɟʰ&inany=false&coreinv=on	ɟʰ
labialized voiced palatal stop consonant	ɟʷ	http://pbase.phon.chass.ncsu.edu/visualize?lang=True&input=ɟʷ&inany=false&coreinv=on	ɟʷ
pre-nasalized voiced retroflex stop consonant	ⁿɖ	http://pbase.phon.chass.ncsu.edu/visualize?lang=True&input=ⁿɖ&inany=false&coreinv=on	ⁿɖ
voiced retroflex stop consonant	ɖ	http://pbase.phon.chass.ncsu.edu/visualize?lang=True&input=ɖ&inany=false&coreinv=on	ɖ
voiceless retroflex stop consonant	ʈ	http://pbase.phon.chass.ncsu.edu/visualize?lang=True&input=ʈ&inany=false&coreinv=on	ʈ
with-nasal-release voiceless retroflex stop consonant	ʈⁿ	http://pbase.phon.chass.ncsu.edu/visualize?lang=True&input=ʈⁿ&inany=false&coreinv=on	ʈⁿ
aspirated voiceless retroflex stop consonant	ʈʰ	http://pbase.phon.chass.ncsu.edu/visualize?lang=True&input=ʈʰ&inany=false&coreinv=on	ʈʰ
aspirated voiceless retroflex stop consonant	ʈʰ	http://pbase.phon.chass.ncsu.edu/visualize?lang=True&input=ʈʰ&inany=false&coreinv=on	ʈʰ
palatalized voiceless retroflex stop consonant	ʈʲ	http://pbase.phon.chass.ncsu.edu/visualize?lang=True&input=ʈʲ&inany=false&coreinv=on	ʈʲ
aspirated voiced retroflex stop consonant	ɖʰ	http://pbase.phon.chass.ncsu.edu/visualize?lang=True&input=ɖʰ&inany=false&coreinv=on	ɖʰ
aspirated voiced retroflex stop consonant	ɖʰ	http://pbase.phon.chass.ncsu.edu/visualize?lang=True&input=ɖʰ&inany=false&coreinv=on	ɖʰ
palatalized voiced retroflex stop consonant	ɖʲ	http://pbase.phon.chass.ncsu.edu/visualize?lang=True&input=ɖʲ&inany=false&coreinv=on	ɖʲ
voiced uvular stop consonant	ɢ	http://pbase.phon.chass.ncsu.edu/visualize?lang=True&input=ɢ&inany=false&coreinv=on	ɢ
pharyngealized voiced uvular stop consonant	ɢˤ	http://pbase.phon.chass.ncsu.edu/visualize?lang=True&input=ɢˤ&inany=false&coreinv=on	ɢˤ
voiceless uvular stop consonant	q	http://pbase.phon.chass.ncsu.edu/visualize?lang=True&input=q&inany=false&coreinv=on	q
long voiceless uvular stop consonant	qː	http://pbase.phon.chass.ncsu.edu/visualize?lang=True&input=qː&inany=false&coreinv=on	qː
pharyngealized voiceless uvular stop consonant	qˤ	http://pbase.phon.chass.ncsu.edu/visualize?lang=True&input=qˤ&inany=false&coreinv=on	qˤ
aspirated voiceless uvular stop consonant	qʰ	http://pbase.phon.chass.ncsu.edu/visualize?lang=True&input=qʰ&inany=false&coreinv=on	qʰ
labialized aspirated voiceless uvular stop consonant	qʷʰ	http://pbase.phon.chass.ncsu.edu/visualize?lang=True&input=qʰʷ&inany=false&coreinv=on	qʰʷ
labialized voiceless uvular stop consonant	qʷ	http://pbase.phon.chass.ncsu.edu/visualize?lang=True&input=qʷ&inany=false&coreinv=on	qʷ
labialized long voiceless uvular stop consonant	qʷː	http://pbase.phon.chass.ncsu.edu/visualize?lang=True&input=qʷː&inany=false&coreinv=on	qʷː
palatalized voiceless uvular stop consonant	qʲ	http://pbase.phon.chass.ncsu.edu/visualize?lang=True&input=qʲ&inany=false&coreinv=on	qʲ
pre-nasalized voiceless velar stop consonant	ⁿk	http://pbase.phon.chass.ncsu.edu/visualize?lang=True&input=ⁿk&inany=false&coreinv=on	ⁿk
voiced velar stop consonant	g	http://pbase.phon.chass.ncsu.edu/visualize?lang=True&input=ɡ&inany=false&coreinv=on	ɡ
long voiced velar stop consonant	gː	http://pbase.phon.chass.ncsu.edu/visualize?lang=True&input=ɡː&inany=false&coreinv=on	ɡː
breathy-voiced velar stop consonant	g̈	http://pbase.phon.chass.ncsu.edu/visualize?lang=True&input=ɡʰ&inany=false&coreinv=on	ɡʰ
labialized voiced velar stop consonant	gʷ	http://pbase.phon.chass.ncsu.edu/visualize?lang=True&input=ɡʷ&inany=false&coreinv=on	ɡʷ
palatalized voiced velar stop consonant	gʲ	http://pbase.phon.chass.ncsu.edu/visualize?lang=True&input=ɡʲ&inany=false&coreinv=on	ɡʲ
devoiced voiced velar stop consonant	g̊	http://pbase.phon.chass.ncsu.edu/visualize?lang=True&input=ɡ̥&inany=false&coreinv=on	ɡ̥
from voiceless glottal stop to voiceless velar stop cluster	ʔk	http://pbase.phon.chass.ncsu.edu/visualize?lang=True&input=ʔk&inany=false&coreinv=on	ʔk
voiceless velar stop consonant	k	http://pbase.phon.chass.ncsu.edu/visualize?lang=True&input=k&inany=false&coreinv=on	k
long voiceless velar stop consonant	kː	http://pbase.phon.chass.ncsu.edu/visualize?lang=True&input=kː&inany=false&coreinv=on	kː
long voiceless velar stop consonant	kː	http://pbase.phon.chass.ncsu.edu/visualize?lang=True&input=kː&inany=false&coreinv=on	kː
pharyngealized voiceless velar stop consonant	kˤ	http://pbase.phon.chass.ncsu.edu/visualize?lang=True&input=kˤ&inany=false&coreinv=on	kˤ
aspirated voiceless velar stop consonant	kʰ	http://pbase.phon.chass.ncsu.edu/visualize?lang=True&input=kʰ&inany=false&coreinv=on	kʰ
labialized aspirated voiceless velar stop consonant	kʷʰ	http://pbase.phon.chass.ncsu.edu/visualize?lang=True&input=kʰʷ&inany=false&coreinv=on	kʰʷ
labialized aspirated voiceless velar stop consonant	kʷʰ	http://pbase.phon.chass.ncsu.edu/visualize?lang=True&input=kʰʷ&inany=false&coreinv=on	kʰʷ
palatalized aspirated voiceless velar stop consonant	kʰʲ	http://pbase.phon.chass.ncsu.edu/visualize?lang=True&input=kʰʲ&inany=false&coreinv=on	kʰʲ
labialized voiceless velar stop consonant	kʷ	http://pbase.phon.chass.ncsu.edu/visualize?lang=True&input=kʷ&inany=false&coreinv=on	kʷ
labialized long voiceless velar stop consonant	kʷː	http://pbase.phon.chass.ncsu.edu/visualize?lang=True&input=kʷː&inany=false&coreinv=on	kʷː
palatalized voiceless velar stop consonant	kʲ	http://pbase.phon.chass.ncsu.edu/visualize?lang=True&input=kʲ&inany=false&coreinv=on	kʲ
pre-nasalized voiced alveolar trill consonant	ⁿr	http://pbase.phon.chass.ncsu.edu/visualize?lang=True&input=ⁿr&inany=false&coreinv=on	ⁿr
voiced alveolar trill consonant	r	http://pbase.phon.chass.ncsu.edu/visualize?lang=True&input=r&inany=false&coreinv=on	r
long voiced alveolar trill consonant	rː	http://pbase.phon.chass.ncsu.edu/visualize?lang=True&input=rː&inany=false&coreinv=on	rː
long voiced alveolar trill consonant	rː	http://pbase.phon.chass.ncsu.edu/visualize?lang=True&input=rː&inany=false&coreinv=on	rː
pharyngealized voiced alveolar trill consonant	rˤ	http://pbase.phon.chass.ncsu.edu/visualize?lang=True&input=rˤ&inany=false&coreinv=on	rˤ
aspirated voiced alveolar trill consonant	rʰ	http://pbase.phon.chass.ncsu.edu/visualize?lang=True&input=rʰ&inany=false&coreinv=on	rʰ
labialized voiced alveolar trill consonant	rʷ	http://pbase.phon.chass.ncsu.edu/visualize?lang=True&input=rʷ&inany=false&coreinv=on	rʷ
palatalized voiced alveolar trill consonant	rʲ	http://pbase.phon.chass.ncsu.edu/visualize?lang=True&input=rʲ&inany=false&coreinv=on	rʲ
devoiced voiced alveolar trill consonant	r̥	http://pbase.phon.chass.ncsu.edu/visualize?lang=True&input=r̥&inany=false&coreinv=on	r̥
devoiced voiced alveolar trill consonant	r̥	http://pbase.phon.chass.ncsu.edu/visualize?lang=True&input=r̥&inany=false&coreinv=on	r̥
aspirated devoiced voiced alveolar trill consonant	r̥ʰ	http://pbase.phon.chass.ncsu.edu/visualize?lang=True&input=r̥ʰ&inany=false&coreinv=on	r̥ʰ
nasalized voiced alveolar trill consonant	r̃	http://pbase.phon.chass.ncsu.edu/visualize?lang=True&input=r̃&inany=false&coreinv=on	r̃
voiced dental trill consonant	r̪	http://pbase.phon.chass.ncsu.edu/visualize?lang=True&input=r̪&inany=false&coreinv=on	r̪
palatalized voiced dental trill consonant	r̪ʲ	http://pbase.phon.chass.ncsu.edu/visualize?lang=True&input=r̪ʲ&inany=false&coreinv=on	r̪ʲ
voiced uvular trill consonant	ʀ	http://pbase.phon.chass.ncsu.edu/visualize?lang=True&input=ʀ&inany=false&coreinv=on	ʀ
rounded close back vowel	u	http://pbase.phon.chass.ncsu.edu/visualize?lang=True&input=u&inany=false&coreinv=on	u
long rounded close back vowel	uː	http://pbase.phon.chass.ncsu.edu/visualize?lang=True&input=uː&inany=false&coreinv=on	uː
long rounded close back vowel	uː	http://pbase.phon.chass.ncsu.edu/visualize?lang=True&input=uː&inany=false&coreinv=on	uː
pharyngealized rounded close back vowel	uˤ	http://pbase.phon.chass.ncsu.edu/visualize?lang=True&input=uˤ&inany=false&coreinv=on	uˤ
ultra-long rounded close back vowel	uːː	http://pbase.phon.chass.ncsu.edu/visualize?lang=True&input=uːː&inany=false&coreinv=on	uːː
breathy-voiced rounded close back vowel	ṳ	http://pbase.phon.chass.ncsu.edu/visualize?lang=True&input=ṳ&inany=false&coreinv=on	ṳ
breathy-voiced rounded close back vowel	ṳ	http://pbase.phon.chass.ncsu.edu/visualize?lang=True&input=ṳ&inany=false&coreinv=on	ṳ
devoiced rounded close back vowel	u̥	http://pbase.phon.chass.ncsu.edu/visualize?lang=True&input=u̥&inany=false&coreinv=on	u̥
creaky-voiced rounded close back vowel	ṵ	http://pbase.phon.chass.ncsu.edu/visualize?lang=True&input=ṵ&inany=false&coreinv=on	ṵ
nasalized rounded close back vowel	ũ	http://pbase.phon.chass.ncsu.edu/visualize?lang=True&input=ũ&inany=false&coreinv=on	ũ
long nasalized rounded close back vowel	ũː	http://pbase.phon.chass.ncsu.edu/visualize?lang=True&input=ũː&inany=false&coreinv=on	ũː
from rounded close back to unrounded close front diphthong	ui	http://pbase.phon.chass.ncsu.edu/visualize?lang=True&input=ui&inany=false&coreinv=on	ui
unrounded close back vowel	ɯ	http://pbase.phon.chass.ncsu.edu/visualize?lang=True&input=ɯ&inany=false&coreinv=on	ɯ
long unrounded close back vowel	ɯː	http://pbase.phon.chass.ncsu.edu/visualize?lang=True&input=ɯː&inany=false&coreinv=on	ɯː
long unrounded close back vowel	ɯː	http://pbase.phon.chass.ncsu.edu/visualize?lang=True&input=ɯː&inany=false&coreinv=on	ɯː
nasalized unrounded close back vowel	ɯ̃	http://pbase.phon.chass.ncsu.edu/visualize?lang=True&input=ɯ̃&inany=false&coreinv=on	ɯ̃
rounded close central vowel	ʉ	http://pbase.phon.chass.ncsu.edu/visualize?lang=True&input=ʉ&inany=false&coreinv=on	ʉ
unrounded close central vowel	ɨ	http://pbase.phon.chass.ncsu.edu/visualize?lang=True&input=ɨ&inany=false&coreinv=on	ɨ
long unrounded close central vowel	ɨː	http://pbase.phon.chass.ncsu.edu/visualize?lang=True&input=ɨː&inany=false&coreinv=on	ɨː
long unrounded close central vowel	ɨː	http://pbase.phon.chass.ncsu.edu/visualize?lang=True&input=ɨː&inany=false&coreinv=on	ɨː
rhotacized unrounded close central vowel	ɨ˞	http://pbase.phon.chass.ncsu.edu/visualize?lang=True&input=ɨ˞&inany=false&coreinv=on	ɨ˞
nasalized unrounded close central vowel	ɨ̃	http://pbase.phon.chass.ncsu.edu/visualize?lang=True&input=ɨ̃&inany=false&coreinv=on	ɨ̃
nasalized unrounded close central vowel	ɨ̃	http://pbase.phon.chass.ncsu.edu/visualize?lang=True&input=ɨ̃&inany=false&coreinv=on	ɨ̃
long nasalized unrounded close central vowel	ɨ̃ː	http://pbase.phon.chass.ncsu.edu/visualize?lang=True&input=ɨ̃ː&inany=false&coreinv=on	ɨ̃ː
rounded close front vowel	y	http://pbase.phon.chass.ncsu.edu/visualize?lang=True&input=y&inany=false&coreinv=on	y
long rounded close front vowel	yː	http://pbase.phon.chass.ncsu.edu/visualize?lang=True&input=yː&inany=false&coreinv=on	yː
nasalized rounded close front vowel	ỹ	http://pbase.phon.chass.ncsu.edu/visualize?lang=True&input=ỹ&inany=false&coreinv=on	ỹ
from rounded close front to unrounded close front diphthong	yi	http://pbase.phon.chass.ncsu.edu/visualize?lang=True&input=yi&inany=false&coreinv=on	yi
unrounded close front vowel	i	http://pbase.phon.chass.ncsu.edu/visualize?lang=True&input=i&inany=false&coreinv=on	i
long unrounded close front vowel	iː	http://pbase.phon.chass.ncsu.edu/visualize?lang=True&input=iː&inany=false&coreinv=on	iː
long unrounded close front vowel	iː	http://pbase.phon.chass.ncsu.edu/visualize?lang=True&input=iː&inany=false&coreinv=on	iː
pharyngealized unrounded close front vowel	iˤ	http://pbase.phon.chass.ncsu.edu/visualize?lang=True&input=iˤ&inany=false&coreinv=on	iˤ
ultra-long unrounded close front vowel	iːː	http://pbase.phon.chass.ncsu.edu/visualize?lang=True&input=iːː&inany=false&coreinv=on	iːː
breathy-voiced unrounded close front vowel	i̤	http://pbase.phon.chass.ncsu.edu/visualize?lang=True&input=i̤&inany=false&coreinv=on	i̤
breathy-voiced unrounded close front vowel	i̤	http://pbase.phon.chass.ncsu.edu/visualize?lang=True&input=i̤&inany=false&coreinv=on	i̤
long breathy-voiced unrounded close front vowel	i̤ː	http://pbase.phon.chass.ncsu.edu/visualize?lang=True&input=i̤ː&inany=false&coreinv=on	i̤ː
devoiced unrounded close front vowel	i̥	http://pbase.phon.chass.ncsu.edu/visualize?lang=True&input=i̥&inany=false&coreinv=on	i̥
devoiced unrounded close front vowel	i̥	http://pbase.phon.chass.ncsu.edu/visualize?lang=True&input=i̥&inany=false&coreinv=on	i̥
creaky-voiced unrounded close front vowel	ḭ	http://pbase.phon.chass.ncsu.edu/visualize?lang=True&input=ḭ&inany=false&coreinv=on	ḭ
long creaky-voiced unrounded close front vowel	ḭː	http://pbase.phon.chass.ncsu.edu/visualize?lang=True&input=ḭː&inany=false&coreinv=on	ḭː
nasalized unrounded close front vowel	ĩ	http://pbase.phon.chass.ncsu.edu/visualize?lang=True&input=ĩ&inany=false&coreinv=on	ĩ
long nasalized unrounded close front vowel	ĩː	http://pbase.phon.chass.ncsu.edu/visualize?lang=True&input=ĩː&inany=false&coreinv=on	ĩː
from rounded close back to rounded close-mid back diphthong	uo	http://pbase.phon.chass.ncsu.edu/visualize?lang=True&input=uo&inany=false&coreinv=on	uo
from unrounded close front to unrounded close-mid front diphthong	ie	http://pbase.phon.chass.ncsu.edu/visualize?lang=True&input=ie&inany=false&coreinv=on	ie
from breathy-voiced unrounded close front to breathy-voiced unrounded close-mid front diphthong	i̤e̤	http://pbase.phon.chass.ncsu.edu/visualize?lang=True&input=i̤e̤&inany=false&coreinv=on	i̤e̤
from rounded close back to unrounded open front diphthong	ua	http://pbase.phon.chass.ncsu.edu/visualize?lang=True&input=ua&inany=false&coreinv=on	ua
from unrounded close front to unrounded open front diphthong	ia	http://pbase.phon.chass.ncsu.edu/visualize?lang=True&input=ia&inany=false&coreinv=on	ia
from rounded close back to rounded open-mid back diphthong	uɔ	http://pbase.phon.chass.ncsu.edu/visualize?lang=True&input=uɔ&inany=false&coreinv=on	uɔ
from unrounded close front to unrounded open-mid front diphthong	iɛ	http://pbase.phon.chass.ncsu.edu/visualize?lang=True&input=iɛ&inany=false&coreinv=on	iɛ
from rounded close back to unrounded mid central diphthong	uə	http://pbase.phon.chass.ncsu.edu/visualize?lang=True&input=uə&inany=false&coreinv=on	uə
from unrounded close back to unrounded mid central diphthong	ɯə	http://pbase.phon.chass.ncsu.edu/visualize?lang=True&input=ɯə&inany=false&coreinv=on	ɯə
from unrounded close front to unrounded mid central diphthong	iə	http://pbase.phon.chass.ncsu.edu/visualize?lang=True&input=iə&inany=false&coreinv=on	iə
unrounded nearly-open central vowel	ɐ	http://pbase.phon.chass.ncsu.edu/visualize?lang=True&input=ɐ&inany=false&coreinv=on	ɐ
long unrounded nearly-open central vowel	ɐː	http://pbase.phon.chass.ncsu.edu/visualize?lang=True&input=ɐː&inany=false&coreinv=on	ɐː
unrounded nearly-open front vowel	æ	http://pbase.phon.chass.ncsu.edu/visualize?lang=True&input=æ&inany=false&coreinv=on	æ
long unrounded nearly-open front vowel	æː	http://pbase.phon.chass.ncsu.edu/visualize?lang=True&input=æː&inany=false&coreinv=on	æː
long unrounded nearly-open front vowel	æː	http://pbase.phon.chass.ncsu.edu/visualize?lang=True&input=æː&inany=false&coreinv=on	æː
nasalized unrounded nearly-open front vowel	æ̃	http://pbase.phon.chass.ncsu.edu/visualize?lang=True&input=æ̃&inany=false&coreinv=on	æ̃
rounded close-mid back vowel	o	http://pbase.phon.chass.ncsu.edu/visualize?lang=True&input=o&inany=false&coreinv=on	o
long rounded close-mid back vowel	oː	http://pbase.phon.chass.ncsu.edu/visualize?lang=True&input=oː&inany=false&coreinv=on	oː
long rounded close-mid back vowel	oː	http://pbase.phon.chass.ncsu.edu/visualize?lang=True&input=oː&inany=false&coreinv=on	oː
pharyngealized rounded close-mid back vowel	oˤ	http://pbase.phon.chass.ncsu.edu/visualize?lang=True&input=oˤ&inany=false&coreinv=on	oˤ
ultra-long rounded close-mid back vowel	oːː	http://pbase.phon.chass.ncsu.edu/visualize?lang=True&input=oːː&inany=false&coreinv=on	oːː
breathy-voiced rounded close-mid back vowel	o̤	http://pbase.phon.chass.ncsu.edu/visualize?lang=True&input=o̤&inany=false&coreinv=on	o̤
breathy-voiced rounded close-mid back vowel	o̤	http://pbase.phon.chass.ncsu.edu/visualize?lang=True&input=o̤&inany=false&coreinv=on	o̤
long breathy-voiced rounded close-mid back vowel	o̤ː	http://pbase.phon.chass.ncsu.edu/visualize?lang=True&input=o̤ː&inany=false&coreinv=on	o̤ː
pharyngealized breathy-voiced rounded close-mid back vowel	o̤ˤ	http://pbase.phon.chass.ncsu.edu/visualize?lang=True&input=o̤ˤ&inany=false&coreinv=on	o̤ˤ
devoiced rounded close-mid back vowel	o̥	http://pbase.phon.chass.ncsu.edu/visualize?lang=True&input=o̥&inany=false&coreinv=on	o̥
ultra-short rounded close-mid back vowel	ŏ	http://pbase.phon.chass.ncsu.edu/visualize?lang=True&input=ŏ&inany=false&coreinv=on	ŏ
nasalized rounded close-mid back vowel	õ	http://pbase.phon.chass.ncsu.edu/visualize?lang=True&input=õ&inany=false&coreinv=on	õ
nasalized rounded close-mid back vowel	õ	http://pbase.phon.chass.ncsu.edu/visualize?lang=True&input=õ&inany=false&coreinv=on	õ
long nasalized rounded close-mid back vowel	õː	http://pbase.phon.chass.ncsu.edu/visualize?lang=True&input=õː&inany=false&coreinv=on	õː
rounded mid back vowel	o̞	http://pbase.phon.chass.ncsu.edu/visualize?lang=True&input=o̞&inany=false&coreinv=on	o̞
unrounded close-mid back vowel	ɤ	http://pbase.phon.chass.ncsu.edu/visualize?lang=True&input=ɤ&inany=false&coreinv=on	ɤ
long unrounded close-mid back vowel	ɤː	http://pbase.phon.chass.ncsu.edu/visualize?lang=True&input=ɤː&inany=false&coreinv=on	ɤː
long unrounded close-mid back vowel	ɤː	http://pbase.phon.chass.ncsu.edu/visualize?lang=True&input=ɤː&inany=false&coreinv=on	ɤː
rounded close-mid central vowel	ɵ	http://pbase.phon.chass.ncsu.edu/visualize?lang=True&input=ɵ&inany=false&coreinv=on	ɵ
rounded close-mid front vowel	ø	http://pbase.phon.chass.ncsu.edu/visualize?lang=True&input=ø&inany=false&coreinv=on	ø
long rounded close-mid front vowel	øː	http://pbase.phon.chass.ncsu.edu/visualize?lang=True&input=øː&inany=false&coreinv=on	øː
ultra-short rounded close-mid front vowel	ø̆	http://pbase.phon.chass.ncsu.edu/visualize?lang=True&input=ø̆&inany=false&coreinv=on	ø̆
unrounded close-mid front vowel	e	http://pbase.phon.chass.ncsu.edu/visualize?lang=True&input=e&inany=false&coreinv=on	e
unrounded close-mid front vowel	e	http://pbase.phon.chass.ncsu.edu/visualize?lang=True&input=e&inany=false&coreinv=on	e
long unrounded close-mid front vowel	eː	http://pbase.phon.chass.ncsu.edu/visualize?lang=True&input=eː&inany=false&coreinv=on	eː
long unrounded close-mid front vowel	eː	http://pbase.phon.chass.ncsu.edu/visualize?lang=True&input=eː&inany=false&coreinv=on	eː
pharyngealized unrounded close-mid front vowel	eˤ	http://pbase.phon.chass.ncsu.edu/visualize?lang=True&input=eˤ&inany=false&coreinv=on	eˤ
ultra-long unrounded close-mid front vowel	eːː	http://pbase.phon.chass.ncsu.edu/visualize?lang=True&input=eːː&inany=false&coreinv=on	eːː
breathy-voiced unrounded close-mid front vowel	e̤	http://pbase.phon.chass.ncsu.edu/visualize?lang=True&input=e̤&inany=false&coreinv=on	e̤
breathy-voiced unrounded close-mid front vowel	e̤	http://pbase.phon.chass.ncsu.edu/visualize?lang=True&input=e̤&inany=false&coreinv=on	e̤
long breathy-voiced unrounded close-mid front vowel	e̤ː	http://pbase.phon.chass.ncsu.edu/visualize?lang=True&input=e̤ː&inany=false&coreinv=on	e̤ː
devoiced unrounded close-mid front vowel	e̥	http://pbase.phon.chass.ncsu.edu/visualize?lang=True&input=e̥&inany=false&coreinv=on	e̥
nasalized unrounded close-mid front vowel	ẽ	http://pbase.phon.chass.ncsu.edu/visualize?lang=True&input=ẽ&inany=false&coreinv=on	ẽ
long nasalized unrounded close-mid front vowel	ẽː	http://pbase.phon.chass.ncsu.edu/visualize?lang=True&input=ẽː&inany=false&coreinv=on	ẽː
unrounded mid front vowel	e̞	http://pbase.phon.chass.ncsu.edu/visualize?lang=True&input=e̞&inany=false&coreinv=on	e̞
from non-syllabic rounded close-mid back to rounded close back diphthong	o̯u	http://pbase.phon.chass.ncsu.edu/visualize?lang=True&input=o̯u&inany=false&coreinv=on	o̯u
from non-syllabic unrounded close-mid front to rounded close-mid back diphthong	e̯o	http://pbase.phon.chass.ncsu.edu/visualize?lang=True&input=e̯o&inany=false&coreinv=on	e̯o
from non-syllabic rounded close-mid back to unrounded open front diphthong	o̯a	http://pbase.phon.chass.ncsu.edu/visualize?lang=True&input=o̯a&inany=false&coreinv=on	o̯a
from non-syllabic unrounded close-mid front to unrounded open front diphthong	e̯a	http://pbase.phon.chass.ncsu.edu/visualize?lang=True&input=e̯a&inany=false&coreinv=on	e̯a
from rounded close-mid back to rounded close back diphthong	ou	http://pbase.phon.chass.ncsu.edu/visualize?lang=True&input=ou&inany=false&coreinv=on	ou
from rounded close-mid back to unrounded close front diphthong	oi	http://pbase.phon.chass.ncsu.edu/visualize?lang=True&input=oi&inany=false&coreinv=on	oi
from unrounded close-mid front to unrounded close front diphthong	ei	http://pbase.phon.chass.ncsu.edu/visualize?lang=True&input=ei&inany=false&coreinv=on	ei
from unrounded close-mid front to rounded close back diphthong	eu	http://pbase.phon.chass.ncsu.edu/visualize?lang=True&input=eu&inany=false&coreinv=on	eu
from rounded close-mid back to rounded near-close near-back diphthong	oʊ	http://pbase.phon.chass.ncsu.edu/visualize?lang=True&input=oʊ&inany=false&coreinv=on	oʊ
from unrounded close-mid front to unrounded near-close near-front diphthong	eɪ	http://pbase.phon.chass.ncsu.edu/visualize?lang=True&input=eɪ&inany=false&coreinv=on	eɪ
from rounded close-mid back to unrounded mid central diphthong	oə	http://pbase.phon.chass.ncsu.edu/visualize?lang=True&input=oə&inany=false&coreinv=on	oə
from rounded close-mid front to unrounded mid central diphthong	øə	http://pbase.phon.chass.ncsu.edu/visualize?lang=True&input=øə&inany=false&coreinv=on	øə
from unrounded close-mid front to unrounded mid central diphthong	eə	http://pbase.phon.chass.ncsu.edu/visualize?lang=True&input=eə&inany=false&coreinv=on	eə
rounded open back vowel	ɒ	http://pbase.phon.chass.ncsu.edu/visualize?lang=True&input=ɒ&inany=false&coreinv=on	ɒ
long rounded open back vowel	ɒː	http://pbase.phon.chass.ncsu.edu/visualize?lang=True&input=ɒː&inany=false&coreinv=on	ɒː
unrounded open back vowel	ɑ	http://pbase.phon.chass.ncsu.edu/visualize?lang=True&input=ɑ&inany=false&coreinv=on	ɑ
long unrounded open back vowel	ɑː	http://pbase.phon.chass.ncsu.edu/visualize?lang=True&input=ɑː&inany=false&coreinv=on	ɑː
long unrounded open back vowel	ɑː	http://pbase.phon.chass.ncsu.edu/visualize?lang=True&input=ɑː&inany=false&coreinv=on	ɑː
nasalized unrounded open back vowel	ɑ̃	http://pbase.phon.chass.ncsu.edu/visualize?lang=True&input=ɑ̃&inany=false&coreinv=on	ɑ̃
unrounded open front vowel	a	http://pbase.phon.chass.ncsu.edu/visualize?lang=True&input=a&inany=false&coreinv=on	a
long unrounded open front vowel	aː	http://pbase.phon.chass.ncsu.edu/visualize?lang=True&input=aː&inany=false&coreinv=on	aː
long unrounded open front vowel	aː	http://pbase.phon.chass.ncsu.edu/visualize?lang=True&input=aː&inany=false&coreinv=on	aː
pharyngealized unrounded open front vowel	aˤ	http://pbase.phon.chass.ncsu.edu/visualize?lang=True&input=aˤ&inany=false&coreinv=on	aˤ
breathy-voiced unrounded open front vowel	a̤	http://pbase.phon.chass.ncsu.edu/visualize?lang=True&input=a̤&inany=false&coreinv=on	a̤
pharyngealized breathy-voiced unrounded open front vowel	a̤ˤ	http://pbase.phon.chass.ncsu.edu/visualize?lang=True&input=a̤ˤ&inany=false&coreinv=on	a̤ˤ
devoiced unrounded open front vowel	ḁ	http://pbase.phon.chass.ncsu.edu/visualize?lang=True&input=ḁ&inany=false&coreinv=on	ḁ
creaky-voiced unrounded open front vowel	a̰	http://pbase.phon.chass.ncsu.edu/visualize?lang=True&input=a̰&inany=false&coreinv=on	a̰
long creaky-voiced unrounded open front vowel	a̰ː	http://pbase.phon.chass.ncsu.edu/visualize?lang=True&input=a̰ː&inany=false&coreinv=on	a̰ː
ultra-short unrounded open front vowel	ă	http://pbase.phon.chass.ncsu.edu/visualize?lang=True&input=ă&inany=false&coreinv=on	ă
nasalized unrounded open front vowel	ã	http://pbase.phon.chass.ncsu.edu/visualize?lang=True&input=ã&inany=false&coreinv=on	ã
nasalized unrounded open front vowel	ã	http://pbase.phon.chass.ncsu.edu/visualize?lang=True&input=ã&inany=false&coreinv=on	ã
long nasalized unrounded open front vowel	ãː	http://pbase.phon.chass.ncsu.edu/visualize?lang=True&input=ãː&inany=false&coreinv=on	ãː
from unrounded open front to rounded close back diphthong	au	http://pbase.phon.chass.ncsu.edu/visualize?lang=True&input=au&inany=false&coreinv=on	au
from unrounded open front to unrounded close front diphthong	ai	http://pbase.phon.chass.ncsu.edu/visualize?lang=True&input=ai&inany=false&coreinv=on	ai
from unrounded open front to rounded close central diphthong	aʉ	http://pbase.phon.chass.ncsu.edu/visualize?lang=True&input=aʉ&inany=false&coreinv=on	aʉ
from unrounded open front to rounded close-mid back diphthong	ao	http://pbase.phon.chass.ncsu.edu/visualize?lang=True&input=ao&inany=false&coreinv=on	ao
from unrounded open front to rounded near-close near-back diphthong	aʊ	http://pbase.phon.chass.ncsu.edu/visualize?lang=True&input=aʊ&inany=false&coreinv=on	aʊ
from unrounded open front to unrounded near-close near-front diphthong	aɪ	http://pbase.phon.chass.ncsu.edu/visualize?lang=True&input=aɪ&inany=false&coreinv=on	aɪ
rounded near-close near-back vowel	ʊ	http://pbase.phon.chass.ncsu.edu/visualize?lang=True&input=ʊ&inany=false&coreinv=on	ʊ
long rounded near-close near-back vowel	ʊː	http://pbase.phon.chass.ncsu.edu/visualize?lang=True&input=ʊː&inany=false&coreinv=on	ʊː
long rounded near-close near-back vowel	ʊː	http://pbase.phon.chass.ncsu.edu/visualize?lang=True&input=ʊː&inany=false&coreinv=on	ʊː
devoiced rounded near-close near-back vowel	ʊ̥	http://pbase.phon.chass.ncsu.edu/visualize?lang=True&input=ʊ̥&inany=false&coreinv=on	ʊ̥
nasalized rounded near-close near-back vowel	ʊ̃	http://pbase.phon.chass.ncsu.edu/visualize?lang=True&input=ʊ̃&inany=false&coreinv=on	ʊ̃
long nasalized rounded near-close near-back vowel	ʊ̃ː	http://pbase.phon.chass.ncsu.edu/visualize?lang=True&input=ʊ̃ː&inany=false&coreinv=on	ʊ̃ː
rounded near-close near-front vowel	ʏ	http://pbase.phon.chass.ncsu.edu/visualize?lang=True&input=ʏ&inany=false&coreinv=on	ʏ
unrounded near-close near-front vowel	ɪ	http://pbase.phon.chass.ncsu.edu/visualize?lang=True&input=ɪ&inany=false&coreinv=on	ɪ
long unrounded near-close near-front vowel	ɪː	http://pbase.phon.chass.ncsu.edu/visualize?lang=True&input=ɪː&inany=false&coreinv=on	ɪː
long unrounded near-close near-front vowel	ɪː	http://pbase.phon.chass.ncsu.edu/visualize?lang=True&input=ɪː&inany=false&coreinv=on	ɪː
devoiced unrounded near-close near-front vowel	ɪ̥	http://pbase.phon.chass.ncsu.edu/visualize?lang=True&input=ɪ̥&inany=false&coreinv=on	ɪ̥
devoiced unrounded near-close near-front vowel	ɪ̥	http://pbase.phon.chass.ncsu.edu/visualize?lang=True&input=ɪ̥&inany=false&coreinv=on	ɪ̥
nasalized unrounded near-close near-front vowel	ɪ̃	http://pbase.phon.chass.ncsu.edu/visualize?lang=True&input=ɪ̃&inany=false&coreinv=on	ɪ̃
long nasalized unrounded near-close near-front vowel	ɪ̃ː	http://pbase.phon.chass.ncsu.edu/visualize?lang=True&input=ɪ̃ː&inany=false&coreinv=on	ɪ̃ː
from rounded near-close near-back to rounded open-mid back diphthong	ʊɔ	http://pbase.phon.chass.ncsu.edu/visualize?lang=True&input=ʊɔ&inany=false&coreinv=on	ʊɔ
from unrounded near-close near-front to unrounded open-mid front diphthong	ɪɛ	http://pbase.phon.chass.ncsu.edu/visualize?lang=True&input=ɪɛ&inany=false&coreinv=on	ɪɛ
rounded open-mid back vowel	ɔ	http://pbase.phon.chass.ncsu.edu/visualize?lang=True&input=ɔ&inany=false&coreinv=on	ɔ
long rounded open-mid back vowel	ɔː	http://pbase.phon.chass.ncsu.edu/visualize?lang=True&input=ɔː&inany=false&coreinv=on	ɔː
long rounded open-mid back vowel	ɔː	http://pbase.phon.chass.ncsu.edu/visualize?lang=True&input=ɔː&inany=false&coreinv=on	ɔː
nasalized rounded open-mid back vowel	ɔ̃	http://pbase.phon.chass.ncsu.edu/visualize?lang=True&input=ɔ̃&inany=false&coreinv=on	ɔ̃
long nasalized rounded open-mid back vowel	ɔ̃ː	http://pbase.phon.chass.ncsu.edu/visualize?lang=True&input=ɔ̃ː&inany=false&coreinv=on	ɔ̃ː
unrounded open-mid back vowel	ʌ	http://pbase.phon.chass.ncsu.edu/visualize?lang=True&input=ʌ&inany=false&coreinv=on	ʌ
long unrounded open-mid back vowel	ʌː	http://pbase.phon.chass.ncsu.edu/visualize?lang=True&input=ʌː&inany=false&coreinv=on	ʌː
breathy-voiced unrounded open-mid back vowel	ʌ̤	http://pbase.phon.chass.ncsu.edu/visualize?lang=True&input=ʌ̤&inany=false&coreinv=on	ʌ̤
long breathy-voiced unrounded open-mid back vowel	ʌ̤ː	http://pbase.phon.chass.ncsu.edu/visualize?lang=True&input=ʌ̤ː&inany=false&coreinv=on	ʌ̤ː
ultra-short unrounded open-mid back vowel	ʌ̆	http://pbase.phon.chass.ncsu.edu/visualize?lang=True&input=ʌ̆&inany=false&coreinv=on	ʌ̆
nasalized unrounded open-mid back vowel	ʌ̃	http://pbase.phon.chass.ncsu.edu/visualize?lang=True&input=ʌ̃&inany=false&coreinv=on	ʌ̃
long nasalized unrounded open-mid back vowel	ʌ̃ː	http://pbase.phon.chass.ncsu.edu/visualize?lang=True&input=ʌ̃ː&inany=false&coreinv=on	ʌ̃ː
unrounded open-mid central vowel	ɜ	http://pbase.phon.chass.ncsu.edu/visualize?lang=True&input=ɜ&inany=false&coreinv=on	ɜ
long unrounded open-mid central vowel	ɜː	http://pbase.phon.chass.ncsu.edu/visualize?lang=True&input=ɜː&inany=false&coreinv=on	ɜː
rounded open-mid front vowel	œ	http://pbase.phon.chass.ncsu.edu/visualize?lang=True&input=œ&inany=false&coreinv=on	œ
long rounded open-mid front vowel	œː	http://pbase.phon.chass.ncsu.edu/visualize?lang=True&input=œː&inany=false&coreinv=on	œː
nasalized rounded open-mid front vowel	œ̃	http://pbase.phon.chass.ncsu.edu/visualize?lang=True&input=œ̃&inany=false&coreinv=on	œ̃
unrounded open-mid front vowel	ɛ	http://pbase.phon.chass.ncsu.edu/visualize?lang=True&input=ɛ&inany=false&coreinv=on	ɛ
long unrounded open-mid front vowel	ɛː	http://pbase.phon.chass.ncsu.edu/visualize?lang=True&input=ɛː&inany=false&coreinv=on	ɛː
long unrounded open-mid front vowel	ɛː	http://pbase.phon.chass.ncsu.edu/visualize?lang=True&input=ɛː&inany=false&coreinv=on	ɛː
nasalized unrounded open-mid front vowel	ɛ̃	http://pbase.phon.chass.ncsu.edu/visualize?lang=True&input=ɛ̃&inany=false&coreinv=on	ɛ̃
long nasalized unrounded open-mid front vowel	ɛ̃ː	http://pbase.phon.chass.ncsu.edu/visualize?lang=True&input=ɛ̃ː&inany=false&coreinv=on	ɛ̃ː
from rounded open-mid back to unrounded close front diphthong	ɔi	http://pbase.phon.chass.ncsu.edu/visualize?lang=True&input=ɔi&inany=false&coreinv=on	ɔi
from rounded open-mid front to rounded close back diphthong	œu	http://pbase.phon.chass.ncsu.edu/visualize?lang=True&input=œu&inany=false&coreinv=on	œu
from rounded open-mid front to unrounded close front diphthong	œi	http://pbase.phon.chass.ncsu.edu/visualize?lang=True&input=œi&inany=false&coreinv=on	œi
rounded mid back vowel	o̞	http://pbase.phon.chass.ncsu.edu/visualize?lang=True&input=o̞&inany=false&coreinv=on	o̞
rounded mid back vowel	o̞	http://pbase.phon.chass.ncsu.edu/visualize?lang=True&input=o̞&inany=false&coreinv=on	o̞
rounded mid back vowel	o̞	http://pbase.phon.chass.ncsu.edu/visualize?lang=True&input=o̞&inany=false&coreinv=on	o̞
unrounded mid front vowel	e̞	http://pbase.phon.chass.ncsu.edu/visualize?lang=True&input=e̞&inany=false&coreinv=on	e̞
unrounded mid front vowel	e̞	http://pbase.phon.chass.ncsu.edu/visualize?lang=True&input=e̞&inany=false&coreinv=on	e̞
long unrounded mid central vowel	əː	http://pbase.phon.chass.ncsu.edu/visualize?lang=True&input=əː&inany=false&coreinv=on	əː
unrounded mid central vowel	ə	http://pbase.phon.chass.ncsu.edu/visualize?lang=True&input=ə&inany=false&coreinv=on	ə
long unrounded mid central vowel	əː	http://pbase.phon.chass.ncsu.edu/visualize?lang=True&input=əː&inany=false&coreinv=on	əː
pharyngealized unrounded mid central vowel	əˤ	http://pbase.phon.chass.ncsu.edu/visualize?lang=True&input=əˤ&inany=false&coreinv=on	əˤ
rhotacized unrounded mid central vowel	ə˞	http://pbase.phon.chass.ncsu.edu/visualize?lang=True&input=ə˞&inany=false&coreinv=on	ə˞
ultra-short unrounded mid central vowel	ə̆	http://pbase.phon.chass.ncsu.edu/visualize?lang=True&input=ə̆&inany=false&coreinv=on	ə̆
nasalized unrounded mid central vowel	ə̃	http://pbase.phon.chass.ncsu.edu/visualize?lang=True&input=ə̃&inany=false&coreinv=on	ə̃
long nasalized unrounded mid central vowel	ə̃ː	http://pbase.phon.chass.ncsu.edu/visualize?lang=True&input=ə̃ː&inany=false&coreinv=on	ə̃ː
from unrounded mid central to rounded close back diphthong	əu	http://pbase.phon.chass.ncsu.edu/visualize?lang=True&input=əu&inany=false&coreinv=on	əu
from unrounded mid central to unrounded close front diphthong	əi	http://pbase.phon.chass.ncsu.edu/visualize?lang=True&input=əi&inany=false&coreinv=on	əi
from unrounded mid central to rounded close-mid back diphthong	əo	http://pbase.phon.chass.ncsu.edu/visualize?lang=True&input=əo&inany=false&coreinv=on	əo
from unrounded mid central to unrounded close-mid front diphthong	əe	http://pbase.phon.chass.ncsu.edu/visualize?lang=True&input=əe&inany=false&coreinv=on	əe
voiced epiglottal fricative consonant	ʢ	http://pbase.phon.chass.ncsu.edu/visualize?lang=True&input=ʢ&inany=false&coreinv=on	ʢ
voiced labio-dental nasal consonant	ɱ	http://pbase.phon.chass.ncsu.edu/visualize?lang=True&input=ɱ&inany=false&coreinv=on	ɱ
voiced bilabial trill consonant	ʙ	http://pbase.phon.chass.ncsu.edu/visualize?lang=True&input=ʙ&inany=false&coreinv=on	ʙ
voiceless epiglottal fricative consonant	ʜ	http://pbase.phon.chass.ncsu.edu/visualize?lang=True&input=ʜ&inany=false&coreinv=on	ʜ
voiceless epiglottal stop consonant	ʡ	http://pbase.phon.chass.ncsu.edu/visualize?lang=True&input=ʡ&inany=false&coreinv=on	ʡ
voiced velar lateral-approximant consonant	ʟ	http://pbase.phon.chass.ncsu.edu/visualize?lang=True&input=ʟ&inany=false&coreinv=on	ʟ
unrounded close-mid central vowel	ɘ	http://pbase.phon.chass.ncsu.edu/visualize?lang=True&input=ɘ&inany=false&coreinv=on	ɘ
rounded open-mid central vowel	ɞ	http://pbase.phon.chass.ncsu.edu/visualize?lang=True&input=ʚ&inany=false&coreinv=on	ʚ
rounded open front vowel	ɶ	http://pbase.phon.chass.ncsu.edu/visualize?lang=True&input=ɶ&inany=false&coreinv=on	ɶ
